gs_id,gnn_cluster,structlite_cluster
GEX000015,1,5
GEX000043,6,0
GEX000044,2,5
GEX000045,2,2
GEX000084,0,7
GEX000093,0,3
GEX000188,1,4
GEX000189,7,9
GEX000213,8,1
GEX000222,6,4
GEX000230,5,9
GEX000247,4,3
GEX000249,1,0
GEX000313,2,6
GEX000314,0,4
GEX000386,1,0
GEX000387,1,7
GEX000388,4,7
GEX000422,9,7
GEX000448,9,7
GEX000509,7,4
GEX000510,7,4
GEX000519,5,0
GEX000520,0,7
GEX000531,9,7
GEX000532,9,3
GEX000540,5,3
GEX000541,0,3
GEX000543,6,4
GEX000544,8,5
GEX000606,5,3
GEX000607,6,0
GEX000634,5,3
GEX000682,3,7
GEX000687,9,3
GEX000710,4,7
GEX000711,0,0
GEX000732,3,2
GEX000733,6,2
GEX000793,0,7
GEX000794,1,2
GEX000816,6,5
GEX000825,1,9
GEX000919,9,2
GEX000924,8,1
GEX000978,1,3
GEX000990,8,1
GEX001024,8,6
GEX001055,3,7
GEX001061,4,7
GEX001062,9,7
GEX001063,6,0
GEX001064,4,7
GEX001090,5,7
GEX001091,9,2
GEX001163,6,0
GEX001164,6,7
GEX001165,4,3
GEX001175,8,1
GEX001178,6,0
GEX001242,4,7
GEX001243,9,7
GEX001248,6,2
GEX001249,3,2
GEX001287,5,4
GEX001288,4,4
GEX001349,6,7
GEX001520,4,7
GEX001533,1,2
GEX001621,7,4
GEX001622,7,9
GEX001680,0,7
GEX001681,0,7
GEX001719,7,4
GEX001720,7,4
GEX001803,4,3
GEX001804,4,3
GEX001826,6,2
GEX001827,9,7
GEX001885,7,2
GEX001892,9,2
GEX001906,4,7
GEX002017,1,5
GEX002018,3,3
GEX002071,3,2
GEX002072,7,5
GEX002080,4,3
GEX002081,4,3
GEX002090,5,1
GEX002091,6,4
GEX002095,5,1
GEX002163,6,4
GEX002175,0,2
GEX002189,9,0
GEX002197,7,9
GEX002198,5,4
GEX002207,4,7
GEX002208,9,7
GEX002219,9,2
GEX002220,0,2
GEX002221,5,4
GEX002222,2,4
GEX002236,5,4
GEX002237,6,4
GEX002248,8,1
GEX002282,0,3
GEX002307,6,3
GEX002308,4,7
GEX002333,1,4
GEX002357,4,7
GEX002399,0,7
GEX002400,0,7
GEX002429,0,2
GEX002443,3,2
GEX002444,6,2
GEX002498,6,4
GEX002526,4,7
GEX002699,5,0
GEX002736,2,6
GEX002741,2,9
GEX002742,7,5
GEX002743,5,4
GEX002744,7,9
GEX002759,0,0
GEX002805,5,2
GEX002831,6,9
GEX002844,3,7
GEX002845,4,7
GEX002849,5,3
GEX002898,1,2
GEX002902,9,7
GEX002905,3,2
GEX002906,9,2
GEX002909,0,7
GEX002910,6,9
GEX002957,4,3
GEX002998,5,3
GEX003002,3,2
GEX003003,9,2
GEX003011,6,0
GEX003089,3,2
GEX003090,7,2
GEX003114,9,7
GEX003156,0,3
GEX003166,0,3
GEX003218,4,2
GEX003270,4,3
GEX003289,1,4
GEX003292,4,0
GEX003293,7,5
GEX003300,8,8
GEX003320,1,0
GEX003340,9,7
GEX003393,5,1
GEX003394,2,1
GEX003456,5,1
GEX003457,6,4
GEX003466,3,7
GEX003467,6,5
GEX003509,9,0
GEX003514,5,0
GEX003518,9,3
GEX003522,0,2
GEX003523,9,2
GEX003528,5,1
GEX003529,6,1
GEX003580,3,3
GEX003587,1,2
GEX003610,9,7
GEX003611,2,5
GEX003649,9,0
GEX003708,0,7
GEX003709,6,0
GEX003747,7,2
GEX003758,9,4
GEX003946,3,2
GEX003947,7,2
GEX003972,9,2
GEX003977,1,0
GEX004013,0,7
GEX004014,9,7
GEX004036,8,1
GEX004105,8,4
GEX004106,7,4
GEX004111,2,4
GEX004112,2,4
GEX004124,1,9
GEX004129,6,2
GEX004130,7,2
GEX004135,7,5
GEX004136,1,9
GEX004172,3,7
GEX004226,3,3
GEX004242,0,3
GEX004254,7,9
GEX004255,7,4
GEX004302,3,7
GEX004337,0,2
GEX004338,6,7
GEX004354,7,5
GEX004394,2,4
GEX004411,9,3
GEX004490,5,2
GEX004492,6,0
GEX004493,6,9
GEX004512,0,3
GEX004513,1,0
GEX004549,9,2
GEX004583,6,2
GEX004676,1,9
GEX004677,1,5
GEX004703,9,3
GEX004715,2,6
GEX004721,9,7
GEX004722,6,0
GEX004773,0,0
GEX004941,6,9
GEX004997,7,2
GEX005012,5,2
GEX005084,8,1
GEX005104,0,7
GEX005105,1,2
GEX005116,6,0
GEX005168,4,3
GEX005202,7,2
GEX005203,3,7
GEX005226,9,2
GEX005227,0,2
GEX005249,3,2
GEX005284,1,9
GEX005332,9,9
GEX005333,6,0
GEX005372,7,5
GEX005373,1,0
GEX005382,2,4
GEX005383,6,4
GEX005402,1,3
GEX005490,7,4
GEX005511,5,1
GEX005532,6,2
GEX005533,6,2
GEX005538,5,2
GEX005539,5,9
GEX005559,1,0
GEX005725,9,2
GEX005769,9,7
GEX005870,9,2
GEX005970,1,7
GEX006016,3,3
GEX006017,2,5
GEX006026,2,6
GEX006151,0,2
GEX006152,6,7
GEX006271,9,2
GEX006272,9,2
GEX006295,8,1
GEX006319,9,7
GEX006328,3,3
GEX006329,4,3
GEX006358,5,4
GEX006359,0,4
GEX006405,4,3
GEX006415,3,7
GEX006435,7,5
GEX006436,6,4
GEX006455,2,6
GEX006465,0,7
GEX006513,5,0
GEX006595,6,0
GEX006596,1,5
GEX006608,6,0
GEX006615,3,3
GEX006780,1,0
GEX006826,5,3
GEX006827,7,5
GEX006840,1,0
GEX006877,1,0
GEX006878,0,3
GEX006890,9,7
GEX006895,1,9
GEX006896,6,0
GEX006914,6,4
GEX006984,2,6
GEX006987,3,4
GEX007004,7,5
GEX007013,3,2
GEX007014,9,7
GEX007116,0,7
GEX007151,9,3
GEX007152,6,9
GEX007201,1,5
GEX007202,9,2
GEX007217,4,7
GEX007222,3,7
GEX007227,8,4
GEX007263,9,3
GEX007264,9,7
GEX007283,7,2
GEX007325,1,9
GEX007326,1,9
GEX007402,1,2
GEX007438,7,5
GEX007443,1,0
GEX007445,0,7
GEX007446,0,7
GEX007559,9,3
GEX007563,1,0
GEX007564,3,7
GEX007579,5,3
GEX007756,1,2
GEX007767,3,2
GEX007768,6,2
GEX007849,5,1
GEX007850,6,4
GEX007858,9,2
GEX007911,3,3
GEX007912,0,0
GEX007967,6,9
GEX007994,1,0
GEX008000,1,9
GEX008017,1,0
GEX008018,1,0
GEX008073,6,2
GEX008115,1,0
GEX008149,1,0
GEX008185,3,2
GEX008186,1,5
GEX008192,9,4
GEX008196,1,3
GEX008254,7,2
GEX008269,4,4
GEX008286,9,7
GEX008287,4,7
GEX008290,8,8
GEX008299,4,3
GEX008300,0,7
GEX008304,2,1
GEX008307,9,2
GEX008308,0,7
GEX008337,3,7
GEX008399,1,0
GEX008420,6,0
GEX008446,8,1
GEX008501,4,2
GEX008502,0,2
GEX008635,6,0
GEX008636,9,3
GEX008643,0,2
GEX008644,6,7
GEX008680,1,4
GEX008755,8,1
GEX008791,7,4
GEX008792,0,3
GEX008814,1,2
GEX008939,1,0
GEX008973,6,7
GEX008974,3,2
GEX009094,8,1
GEX009125,6,0
GEX009143,8,4
GEX009160,3,3
GEX009161,7,5
GEX009178,5,3
GEX009179,1,4
GEX009226,3,7
GEX009234,3,7
GEX009278,9,3
GEX009280,1,9
GEX009296,4,3
GEX009301,9,3
GEX009322,3,7
GEX009323,6,2
GEX009333,2,2
GEX009382,5,3
GEX009383,7,0
GEX009414,7,5
GEX009415,6,0
GEX009501,7,5
GEX009606,2,6
GEX009652,4,7
GEX009680,1,0
GEX009690,6,9
GEX009691,5,9
GEX009698,4,3
GEX009699,9,7
GEX009704,4,3
GEX009742,2,5
GEX009743,3,3
GEX009757,6,4
GEX009759,7,5
GEX009775,9,2
GEX009814,3,4
GEX009831,4,3
GEX009834,5,4
GEX009835,3,3
GEX009837,6,0
GEX009890,0,7
GEX009928,0,7
GEX009929,9,7
GEX009941,8,4
GEX009945,1,0
GEX009959,6,0
GEX010001,4,3
GEX010045,0,7
GEX010073,6,2
GEX010074,6,2
GEX010085,5,3
GEX010086,0,3
GEX010125,6,2
GEX010145,3,3
GEX010257,0,3
GEX010286,0,0
GEX010343,4,7
GEX010375,9,2
GEX010376,9,2
GEX010406,3,3
GEX010424,4,3
GEX010429,0,3
GEX010442,9,2
GEX010443,9,2
GEX010457,8,6
GEX010488,4,7
GEX010489,5,2
GEX010536,0,7
GEX010540,5,7
GEX010541,1,0
GEX010589,2,6
GEX010611,3,3
GEX010643,5,3
GEX010649,4,3
GEX010650,1,0
GEX010663,0,7
GEX010671,3,3
GEX010707,0,9
GEX010708,6,9
GEX010718,1,2
GEX010764,3,3
GEX010797,9,3
GEX010818,3,7
GEX010819,3,7
GEX010867,8,6
GEX010881,5,3
GEX010882,7,5
GEX010901,5,7
GEX010936,1,0
GEX011085,7,4
GEX011086,6,4
GEX011118,3,3
GEX011185,0,7
GEX011203,1,2
GEX011230,9,0
GEX011231,1,0
GEX011236,3,3
GEX011237,4,3
GEX011260,8,1
GEX011288,8,1
GEX011296,1,4
GEX011452,7,9
GEX011453,4,3
GEX011472,3,3
GEX011483,5,3
GEX011494,0,3
GEX011511,6,2
GEX011512,9,2
GEX011522,1,2
GEX011559,6,2
GEX011605,6,3
GEX011620,3,3
GEX011621,6,0
GEX011627,9,2
GEX011628,3,2
GEX011663,8,1
GEX011715,0,3
GEX011754,9,2
GEX011755,9,2
GEX011784,0,2
GEX011826,5,0
GEX011833,7,5
GEX011911,1,5
GEX011912,6,0
GEX011939,8,6
GEX011996,4,7
GEX011997,0,7
GEX012041,5,3
GEX012081,7,9
GEX012082,3,3
GEX012096,0,3
GEX012155,7,5
GEX012156,6,0
GEX012177,7,5
GEX012377,6,1
GEX012447,0,3
GEX012448,6,5
GEX012498,3,4
GEX012533,0,7
GEX012534,9,2
GEX012545,4,3
GEX012547,6,4
GEX012558,3,7
GEX012559,6,2
GEX012608,0,2
GEX012609,1,0
GEX012670,4,7
GEX012671,5,2
GEX012682,1,9
GEX012683,7,4
GEX012703,7,5
GEX012761,4,7
GEX012793,9,3
GEX012795,9,2
GEX012796,5,7
GEX012824,9,3
GEX012848,7,4
GEX012849,7,4
GEX012915,4,2
GEX012916,0,3
GEX012988,9,0
GEX012989,4,0
GEX013013,0,3
GEX013052,4,3
GEX013072,2,4
GEX013073,2,4
GEX013121,5,2
GEX013131,9,4
GEX013138,0,7
GEX013197,9,2
GEX013210,9,7
GEX013215,4,3
GEX013229,1,2
GEX013240,8,6
GEX013298,5,4
GEX013316,9,2
GEX013317,0,7
GEX013326,6,7
GEX013349,6,2
GEX013359,7,5
GEX013360,1,0
GEX013362,1,0
GEX013436,4,3
GEX013437,1,0
GEX013481,6,9
GEX013482,4,3
GEX013486,0,3
GEX013517,8,1
GEX013567,1,4
GEX013589,5,4
GEX013590,6,4
GEX013600,9,7
GEX013613,2,6
GEX013618,0,7
GEX013619,1,5
GEX013632,9,2
GEX013633,6,2
GEX013677,3,7
GEX013678,4,3
GEX013736,7,2
GEX013740,4,7
GEX013741,1,2
GEX013759,3,3
GEX013760,7,0
GEX013789,7,4
GEX013819,6,3
GEX013826,0,3
GEX013843,1,9
GEX013844,1,0
GEX013861,9,2
GEX013876,3,7
GEX013877,1,2
GEX013961,6,4
GEX013962,2,4
GEX014022,6,1
GEX014023,5,1
GEX014028,1,7
GEX014033,1,2
GEX014035,1,2
GEX014049,6,1
GEX014050,5,6
GEX014067,6,3
GEX014068,6,0
GEX014081,7,5
GEX014082,5,2
GEX014100,5,3
GEX014101,0,3
GEX014149,4,3
GEX014175,9,2
GEX014240,6,3
GEX014242,3,3
GEX014263,7,2
GEX014264,3,7
GEX014274,4,7
GEX014305,3,7
GEX014306,4,3
GEX014350,7,0
GEX014353,8,1
GEX014508,0,3
GEX014534,7,4
GEX014561,1,9
GEX014599,0,2
GEX014600,9,2
GEX014603,4,7
GEX014629,1,5
GEX014654,6,0
GEX014677,1,2
GEX014770,7,4
GEX014771,7,9
GEX014778,0,7
GEX014779,1,2
GEX014817,1,0
GEX014824,3,7
GEX014825,7,5
GEX014854,5,3
GEX014902,1,9
GEX014903,1,9
GEX014931,6,0
GEX015007,1,9
GEX015087,9,7
GEX015110,1,0
GEX015121,3,7
GEX015124,9,7
GEX015125,6,0
GEX015145,5,3
GEX015176,8,1
GEX015245,9,7
GEX015259,2,8
GEX015261,5,3
GEX015280,0,7
GEX015312,0,3
GEX015351,0,7
GEX015352,1,0
GEX015378,9,7
GEX015394,3,7
GEX015395,7,5
GEX015409,0,7
GEX015418,0,0
GEX015482,2,6
GEX015485,4,2
GEX015486,9,3
GEX015507,8,1
GEX015542,9,3
GEX015543,1,0
GEX015588,7,5
GEX015592,8,1
GEX015713,3,4
GEX015714,2,6
GEX015725,8,8
GEX015726,3,3
GEX015727,5,3
GEX015849,5,0
GEX015859,2,4
GEX015860,2,4
GEX015925,5,7
GEX015948,3,2
GEX015949,9,2
GEX015960,6,9
GEX015961,7,9
GEX016016,0,7
GEX016128,3,3
GEX016147,5,3
GEX016158,9,7
GEX016237,9,2
GEX016253,7,4
GEX016396,6,3
GEX016416,0,7
GEX016423,9,7
GEX016435,2,6
GEX016476,7,9
GEX016477,1,4
GEX016497,7,9
GEX016562,0,3
GEX016582,1,2
GEX016698,2,4
GEX016715,9,2
GEX016716,1,7
GEX016792,0,3
GEX016841,1,2
GEX016856,0,7
GEX016990,9,4
GEX016991,7,4
GEX016995,7,0
GEX017048,0,7
GEX017209,1,0
GEX017230,7,2
GEX017279,1,4
GEX017280,7,9
GEX017335,0,4
GEX017368,6,2
GEX017383,6,7
GEX017395,4,3
GEX017452,9,2
GEX017475,1,2
GEX017476,0,7
GEX017500,9,3
GEX017501,9,3
GEX017509,2,4
GEX017587,0,7
GEX017626,2,8
GEX017629,2,4
GEX017630,6,4
GEX017663,3,3
GEX017664,5,3
GEX017666,6,3
GEX017718,4,3
GEX017719,6,9
GEX017720,4,3
GEX017807,4,0
GEX017808,9,2
GEX017833,5,3
GEX017834,5,9
GEX017839,9,3
GEX017840,9,3
GEX017890,2,6
GEX017907,7,5
GEX017908,2,9
GEX017928,2,6
GEX017938,3,3
GEX017981,2,5
GEX018010,0,3
GEX018071,3,3
GEX018088,1,0
GEX018117,6,2
GEX018118,1,3
GEX018119,6,9
GEX018246,6,0
GEX018282,1,7
GEX018309,4,7
GEX018457,3,3
GEX018467,5,9
GEX018468,5,2
GEX018524,0,2
GEX018531,9,7
GEX018550,0,3
GEX018557,9,3
GEX018558,6,0
GEX018595,9,0
GEX018612,3,3
GEX018692,2,1
GEX018713,2,2
GEX018792,4,3
GEX018848,9,2
GEX018849,9,7
GEX018873,7,4
GEX018874,7,4
GEX018890,2,6
GEX018917,3,4
GEX018918,2,1
GEX018998,2,2
GEX018999,1,4
GEX019015,9,7
GEX019241,5,4
GEX019242,2,4
GEX019263,6,2
GEX019264,9,2
GEX019277,8,1
GEX019314,1,5
GEX019315,5,1
GEX019439,2,6
GEX019540,4,7
GEX019541,9,7
GEX019557,6,0
GEX019558,6,2
GEX019598,4,3
GEX019631,4,2
GEX019632,3,2
GEX019699,3,3
GEX019700,1,0
GEX019703,4,7
GEX019704,3,7
GEX019707,9,7
GEX019761,5,1
GEX019764,0,7
GEX019765,7,5
GEX019812,6,3
GEX019823,2,4
GEX019830,1,4
GEX019831,9,4
GEX019894,9,3
GEX019895,6,9
GEX019910,9,3
GEX019911,6,0
GEX019912,6,9
GEX019915,0,3
GEX019931,8,6
GEX020007,5,9
GEX020045,6,1
GEX020061,1,0
GEX020062,3,7
GEX020207,3,3
GEX020232,1,9
GEX020262,9,2
GEX020263,5,0
GEX020294,3,3
GEX020310,5,3
GEX020349,4,7
GEX020350,4,3
GEX020385,4,0
GEX020386,6,0
GEX020418,5,4
GEX020541,9,2
GEX020542,6,7
GEX020549,3,7
GEX020550,5,7
GEX020574,7,5
GEX020583,2,4
GEX020590,3,3
GEX020599,1,3
GEX020685,6,2
GEX020687,1,9
GEX020696,7,4
GEX020806,8,1
GEX020860,6,5
GEX020989,9,3
GEX020990,0,3
GEX021052,0,7
GEX021070,3,7
GEX021071,0,7
GEX021085,1,0
GEX021092,2,4
GEX021145,7,2
GEX021187,9,4
GEX021203,2,6
GEX021220,3,7
GEX021221,9,7
GEX021230,9,2
GEX021236,9,3
GEX021237,7,0
GEX021284,9,3
GEX021287,0,3
GEX021288,2,5
GEX021339,5,4
GEX021356,5,5
GEX021445,9,7
GEX021484,4,3
GEX021506,9,2
GEX021556,9,0
GEX021615,3,7
GEX021621,1,2
GEX021638,8,1
GEX021662,1,9
GEX021663,1,3
GEX021797,8,1
GEX021867,9,3
GEX021876,1,0
GEX021877,7,0
GEX021915,1,2
GEX021919,4,7
GEX021921,2,6
GEX021923,1,7
GEX021924,6,0
GEX022002,9,2
GEX022003,0,2
GEX022008,0,2
GEX022009,3,2
GEX022053,0,3
GEX022070,4,7
GEX022071,9,7
GEX022091,5,3
GEX022152,2,2
GEX022153,1,4
GEX022206,6,0
GEX022207,0,7
GEX022223,1,5
GEX022274,1,2
GEX022297,6,3
GEX022369,9,7
GEX022391,6,0
GEX022417,1,5
GEX022448,2,4
GEX022449,2,4
GEX022451,0,3
GEX022453,5,2
GEX022531,5,4
GEX022537,9,3
GEX022538,2,5
GEX022555,0,2
GEX022592,0,7
GEX022593,9,2
GEX022632,0,2
GEX022633,3,2
GEX022662,9,4
GEX022663,7,7
GEX022684,9,3
GEX022723,9,2
GEX022738,9,7
GEX022750,5,1
GEX022764,1,2
GEX022769,0,3
GEX022785,5,4
GEX022786,6,4
GEX022798,9,7
GEX022848,6,5
GEX022849,4,2
GEX022868,1,2
GEX022919,9,0
GEX022950,5,6
GEX022971,9,2
GEX022972,7,5
GEX023011,4,3
GEX023014,7,5
GEX023027,0,2
GEX023032,6,4
GEX023043,8,6
GEX023079,9,3
GEX023080,5,3
GEX023089,1,4
GEX023090,6,4
GEX023093,0,7
GEX023094,4,7
GEX023143,3,3
GEX023144,4,7
GEX023204,7,5
GEX023243,7,0
GEX023253,6,0
GEX023307,6,2
GEX023312,8,1
GEX023323,0,7
GEX023324,9,7
GEX023376,3,7
GEX023400,4,3
GEX023404,3,7
GEX023440,9,4
GEX023441,1,0
GEX023480,6,9
GEX023521,5,0
GEX023522,3,3
GEX023555,0,7
GEX023578,5,0
GEX023579,3,7
GEX023580,1,0
GEX023744,4,0
GEX023745,6,7
GEX023786,6,0
GEX023787,1,9
GEX023798,0,7
GEX023799,6,9
GEX023805,4,3
GEX023809,9,2
GEX023844,9,3
GEX023883,5,3
GEX023884,7,5
GEX023921,5,3
GEX023931,4,3
GEX023960,5,1
GEX023974,2,6
GEX024020,3,3
GEX024041,8,1
GEX024046,1,0
GEX024057,7,2
GEX024058,6,2
GEX024091,6,3
GEX024127,4,7
GEX024128,6,0
GEX024130,4,7
GEX024134,0,7
GEX024145,8,1
GEX024182,5,4
GEX024283,9,7
GEX024290,5,7
GEX024300,1,5
GEX024301,9,2
GEX024453,0,7
GEX024454,6,2
GEX024473,0,3
GEX024512,5,1
GEX024585,5,4
GEX024617,4,7
GEX024618,7,5
GEX024641,3,7
GEX024675,9,7
GEX024713,1,9
GEX024714,5,9
GEX024765,2,6
GEX024782,0,7
GEX024833,5,7
GEX024834,9,3
GEX024869,5,1
GEX024888,1,0
GEX024910,2,1
GEX025061,1,2
GEX025072,8,4
GEX025085,6,9
GEX025087,8,1
GEX025140,2,6
GEX025141,5,1
GEX025187,9,7
GEX025194,5,9
GEX025195,0,7
GEX025199,7,5
GEX025206,3,2
GEX025207,9,2
GEX025215,1,9
GEX025260,0,3
GEX025274,0,3
GEX025443,2,4
GEX025444,2,4
GEX025446,9,3
GEX025503,1,0
GEX025504,1,5
GEX025513,0,7
GEX025570,6,4
GEX025571,4,4
GEX025603,4,7
GEX025604,4,3
GEX025617,1,0
GEX025656,7,5
GEX025709,3,7
GEX025710,0,7
GEX025725,5,3
GEX025784,9,5
GEX025843,2,6
GEX025844,5,1
GEX025945,4,3
GEX026021,0,7
GEX026088,8,1
GEX026108,2,6
GEX026127,8,1
GEX026218,1,3
GEX026254,5,2
GEX026268,7,2
GEX026310,3,7
GEX026311,1,2
GEX026318,1,0
GEX026319,3,7
GEX026326,0,7
GEX026375,3,2
GEX026376,6,2
GEX026413,6,4
GEX026458,6,9
GEX026485,1,5
GEX026542,6,2
GEX026551,0,7
GEX026601,3,3
GEX026606,3,7
GEX026631,4,3
GEX026636,8,1
GEX026662,4,3
GEX026686,9,0
GEX026702,2,4
GEX026706,9,4
GEX026738,0,7
GEX026739,6,9
GEX026844,9,2
GEX026845,9,2
GEX026876,9,7
GEX026918,5,3
GEX026959,1,0
GEX026975,3,7
GEX026977,8,1
GEX026986,9,3
GEX026987,1,0
GEX026990,1,2
GEX027055,9,3
GEX027120,8,1
GEX027135,5,3
GEX027136,6,0
GEX027185,5,0
GEX027193,1,0
GEX027194,1,4
GEX027215,8,1
GEX027252,7,4
GEX027295,0,4
GEX027298,5,1
GEX027400,3,3
GEX027403,2,6
GEX027420,6,3
GEX027422,4,3
GEX027464,5,0
GEX027465,3,3
GEX027486,2,5
GEX027487,6,0
GEX027519,4,3
GEX027594,3,7
GEX027595,4,7
GEX027610,2,5
GEX027611,7,5
GEX027669,9,4
GEX027741,9,2
GEX027742,9,2
GEX027834,9,4
GEX027835,7,4
GEX027969,9,3
GEX027983,5,3
GEX027984,4,0
GEX028176,3,3
GEX028264,0,2
GEX028279,3,3
GEX028303,6,4
GEX028304,7,4
GEX028334,6,0
GEX028351,1,0
GEX028352,5,7
GEX028358,2,1
GEX028425,3,4
GEX028441,5,4
GEX028455,8,1
GEX028514,9,3
GEX028517,4,3
GEX028534,3,7
GEX028559,9,3
GEX028580,9,3
GEX028598,7,2
GEX028631,9,3
GEX028686,9,3
GEX028692,1,2
GEX028700,3,4
GEX028727,1,2
GEX028735,2,4
GEX028736,7,4
GEX028778,5,0
GEX028844,3,7
GEX028890,7,9
GEX028896,8,4
GEX028921,5,7
GEX028922,1,9
GEX028941,0,3
GEX028950,0,7
GEX028960,9,2
GEX028961,0,7
GEX029075,1,2
GEX029076,6,7
GEX029154,8,1
GEX029159,8,6
GEX029166,1,0
GEX029180,4,4
GEX029183,4,7
GEX029188,7,5
GEX029194,4,3
GEX029236,3,3
GEX029301,5,1
GEX029305,7,9
GEX029439,6,3
GEX029506,0,2
GEX029512,4,3
GEX029637,3,3
GEX029664,1,5
GEX029731,3,7
GEX029732,1,5
GEX029756,7,5
GEX029770,4,7
GEX029796,9,4
GEX029797,1,4
GEX029835,9,3
GEX029836,5,4
GEX029885,6,4
GEX029971,5,9
GEX030043,0,7
GEX030044,4,7
GEX030083,9,9
GEX030179,3,7
GEX030300,4,3
GEX030312,5,9
GEX030318,7,5
GEX030514,3,2
GEX030515,6,2
GEX030521,0,3
GEX030530,6,0
GEX030531,4,7
GEX030555,6,9
GEX030557,6,2
GEX030585,8,1
GEX030659,4,3
GEX030687,7,4
GEX030688,6,0
GEX030689,7,9
GEX030695,2,4
GEX030699,0,3
GEX030774,3,7
GEX030838,6,0
GEX030890,0,3
GEX030891,1,0
GEX030931,8,4
GEX030932,7,4
GEX030962,0,3
GEX030972,4,7
GEX030973,3,3
GEX031006,5,2
GEX031060,2,5
GEX031090,4,7
GEX031091,1,0
GEX031147,4,7
GEX031200,9,3
GEX031290,7,5
GEX031291,3,3
GEX031360,9,7
GEX031369,0,2
GEX031407,2,6
GEX031445,3,7
GEX031446,6,0
GEX031471,3,3
GEX031474,1,2
GEX031482,4,7
GEX031515,0,3
GEX031516,9,3
GEX031547,7,5
GEX031587,1,5
GEX031588,0,7
GEX031600,7,5
GEX031617,3,7
GEX031618,7,5
GEX031740,4,3
GEX031754,1,2
GEX031877,8,1
GEX031894,6,5
GEX031895,0,2
GEX031914,3,2
GEX031915,6,0
GEX031916,3,3
GEX031917,7,5
GEX031946,2,6
GEX031947,5,1
GEX031961,8,1
GEX031977,7,4
GEX031978,7,4
GEX031997,8,1
GEX032074,5,7
GEX032080,0,3
GEX032183,9,2
GEX032184,9,2
GEX032198,0,3
GEX032200,8,1
GEX032203,4,3
GEX032231,7,7
GEX032302,6,2
GEX032303,6,0
GEX032317,9,3
GEX032318,1,0
GEX032333,5,4
GEX032412,1,2
GEX032435,9,7
GEX032476,3,7
GEX032477,7,5
GEX032531,6,9
GEX032532,1,9
GEX032541,8,1
GEX032637,0,7
GEX032653,8,4
GEX032700,1,3
GEX032701,3,7
GEX032736,4,7
GEX032737,1,2
GEX032741,8,1
GEX032805,5,3
GEX032806,5,0
GEX032830,1,0
GEX032838,2,6
GEX032863,3,3
GEX032885,2,6
GEX032914,0,3
GEX032915,6,3
GEX032929,1,9
GEX032959,3,7
GEX032993,7,4
GEX033102,7,9
GEX033171,3,3
GEX033175,9,3
GEX033215,6,2
GEX033216,6,2
GEX033222,9,0
GEX033378,0,3
GEX033475,1,2
GEX033479,9,2
GEX033504,9,7
GEX033536,1,0
GEX033611,5,1
GEX033650,0,7
GEX033651,6,0
GEX033666,0,7
GEX033667,7,5
GEX033796,9,7
GEX033797,6,0
GEX033806,1,9
GEX033807,0,7
GEX033819,4,4
GEX033828,1,0
GEX033868,1,2
GEX033893,3,3
GEX033932,6,0
GEX034098,6,4
GEX034169,5,3
GEX034170,4,0
GEX034186,6,0
GEX034202,9,2
GEX034203,6,2
GEX034239,0,2
GEX034240,1,5
GEX034298,6,2
GEX034338,6,4
GEX034349,6,9
GEX034350,6,0
GEX034351,0,4
GEX034352,5,4
GEX034442,4,2
GEX034477,3,3
GEX034497,9,7
GEX034498,2,5
GEX034503,9,4
GEX034516,0,7
GEX034527,7,4
GEX034532,9,3
GEX034571,0,0
GEX034572,3,3
GEX034576,4,9
GEX034577,6,9
GEX034583,0,2
GEX034584,3,2
GEX034599,6,4
GEX034600,4,4
GEX034675,6,2
GEX034676,0,3
GEX034715,9,7
GEX034782,6,0
GEX034814,7,9
GEX034861,4,3
GEX034867,3,3
GEX034873,5,3
GEX034874,9,3
GEX034876,6,5
GEX034881,6,0
GEX034888,5,3
GEX034927,6,2
GEX034928,7,2
GEX034982,7,4
GEX034983,1,4
GEX034990,4,7
GEX034991,9,7
GEX035002,0,2
GEX035003,1,2
GEX035047,4,2
GEX035048,3,2
GEX035143,9,0
GEX035163,6,0
GEX035164,4,7
GEX035185,6,0
GEX035186,3,3
GEX035203,5,3
GEX035204,5,5
GEX035208,5,7
GEX035280,7,4
GEX035281,7,4
GEX035333,9,2
GEX035334,6,2
GEX035360,7,9
GEX035420,5,2
GEX035421,7,5
GEX035465,9,7
GEX035471,4,3
GEX035483,9,0
GEX035484,1,0
GEX035534,6,1
GEX035535,2,6
GEX035578,1,0
GEX035608,9,2
GEX035618,5,6
GEX035709,0,7
GEX035710,9,2
GEX035751,6,3
GEX035799,4,3
GEX035804,0,2
GEX035880,5,3
GEX035881,5,3
GEX035962,0,7
GEX035963,1,0
GEX036009,7,9
GEX036010,7,4
GEX036025,1,0
GEX036026,9,4
GEX036049,7,9
GEX036050,1,4
GEX036117,1,4
GEX036118,2,4
GEX036134,7,2
GEX036135,3,7
GEX036142,0,2
GEX036143,7,2
GEX036183,7,0
GEX036220,0,9
GEX036221,7,5
GEX036226,3,3
GEX036260,6,3
GEX036261,9,3
GEX036262,4,7
GEX036286,1,3
GEX036350,8,1
GEX036372,6,2
GEX036379,2,9
GEX036381,1,0
GEX036382,7,9
GEX036407,2,6
GEX036408,5,6
GEX036444,2,6
GEX036445,7,5
GEX036446,7,5
GEX036503,8,1
GEX036551,1,3
GEX036634,5,3
GEX036635,1,5
GEX036660,5,3
GEX036661,6,3
GEX036686,4,3
GEX036690,0,7
GEX036691,0,7
GEX036741,8,1
GEX036760,7,9
GEX036791,8,1
GEX036812,2,6
GEX036814,7,1
GEX036845,9,3
GEX036858,9,3
GEX036949,6,9
GEX036957,8,6
GEX037028,5,4
GEX037038,2,1
GEX037191,8,1
GEX037227,7,9
GEX037228,7,4
GEX037248,1,3
GEX037295,8,1
GEX037371,6,0
GEX037372,7,0
GEX037389,2,6
GEX037405,0,2
GEX037417,0,2
GEX037426,0,4
GEX037434,8,1
GEX037450,8,1
GEX037487,6,9
GEX037511,2,6
GEX037531,5,1
GEX037595,1,4
GEX037596,2,4
GEX037597,7,9
GEX037612,5,0
GEX037732,8,1
GEX037740,7,4
GEX037757,5,9
GEX037781,2,5
GEX037782,7,5
GEX037817,5,3
GEX037882,8,1
GEX037959,2,6
GEX038042,6,4
GEX038263,2,5
GEX038357,0,7
GEX038358,5,2
GEX038403,5,9
GEX038432,0,7
GEX038479,7,4
GEX038496,1,2
GEX038507,2,5
GEX038518,9,7
GEX038519,3,2
GEX038590,8,1
GEX038670,2,6
GEX038686,6,0
GEX038702,5,0
GEX038741,0,7
GEX038771,0,3
GEX038787,9,7
GEX038788,4,7
GEX038799,3,7
GEX038837,9,3
GEX038838,5,7
GEX038854,3,3
GEX038863,9,0
GEX038864,7,5
GEX038881,6,0
GEX038882,5,7
GEX038913,9,3
GEX038944,5,0
GEX038945,2,2
GEX039004,0,7
GEX039035,1,7
GEX039051,9,7
GEX039095,9,3
GEX039103,6,0
GEX039104,3,7
GEX039108,3,3
GEX039122,6,4
GEX039261,2,6
GEX039325,0,4
GEX039326,7,0
GEX039345,7,5
GEX039346,1,0
GEX039375,3,7
GEX039401,0,3
GEX039410,6,9
GEX039442,0,3
GEX039498,7,5
GEX039519,0,0
GEX039522,5,7
GEX039523,1,5
GEX039525,0,9
GEX039669,3,7
GEX039686,4,7
GEX039687,1,0
GEX039697,1,5
GEX039698,9,0
GEX039734,4,3
GEX039738,5,7
GEX039739,5,3
GEX039760,1,3
GEX039762,1,4
GEX039763,3,3
GEX039774,7,5
GEX039786,7,5
GEX039823,4,7
GEX039898,9,7
GEX039917,8,5
GEX039918,1,0
GEX039925,9,7
GEX039935,0,7
GEX039936,3,2
GEX039983,2,8
GEX039996,5,5
GEX039997,4,7
GEX040026,4,3
GEX040069,6,3
GEX040092,4,7
GEX040138,4,0
GEX040195,2,5
GEX040196,7,5
GEX040243,0,2
GEX040244,7,5
GEX040255,9,7
GEX040257,3,3
GEX040271,8,1
GEX040377,3,7
GEX040379,4,3
GEX040419,0,3
GEX040471,5,3
GEX040491,8,1
GEX040496,8,1
GEX040509,9,2
GEX040525,9,3
GEX040542,1,5
GEX040563,8,1
GEX040605,7,5
GEX040614,0,3
GEX040636,4,7
GEX040637,7,5
GEX040645,0,7
GEX040646,9,9
GEX040647,0,2
GEX040648,9,3
GEX040649,7,5
GEX040670,5,1
GEX040710,0,4
GEX040733,7,9
GEX040778,3,7
GEX040779,7,5
GEX040833,8,1
GEX040835,7,1
GEX040894,4,7
GEX040933,9,7
GEX040934,1,9
GEX040972,5,1
GEX040981,1,9
GEX040990,6,9
GEX040991,9,3
GEX040996,4,3
GEX041081,9,7
GEX041094,4,7
GEX041095,0,7
GEX041125,5,4
GEX041126,9,4
GEX041157,1,3
GEX041158,1,9
GEX041187,4,3
GEX041188,5,9
GEX041195,9,7
GEX041211,8,1
GEX041246,8,1
GEX041382,1,4
GEX041383,7,9
GEX041385,7,5
GEX041410,9,2
GEX041453,3,3
GEX041486,8,1
GEX041547,9,3
GEX041566,1,5
GEX041613,7,5
GEX041614,7,5
GEX041622,0,7
GEX041634,3,3
GEX041660,7,4
GEX041688,7,0
GEX041690,5,6
GEX041697,6,7
GEX041698,7,5
GEX041734,7,9
GEX041735,6,2
GEX041739,3,3
GEX041754,0,3
GEX041911,1,9
GEX041912,1,3
GEX041986,7,9
GEX042044,9,2
GEX042045,6,2
GEX042052,6,3
GEX042059,5,3
GEX042122,8,1
GEX042249,7,0
GEX042323,2,5
GEX042324,1,4
GEX042381,5,2
GEX042382,6,2
GEX042468,0,7
GEX042477,6,9
GEX042612,2,4
GEX042626,8,4
GEX042631,0,7
GEX042751,4,7
GEX042754,6,0
GEX042763,9,7
GEX042778,2,4
GEX042779,2,4
GEX042781,7,4
GEX042938,4,7
GEX043033,5,1
GEX043111,2,2
GEX043112,5,7
GEX043153,7,5
GEX043154,6,0
GEX043178,4,3
GEX043209,1,0
GEX043216,5,4
GEX043271,0,7
GEX043272,3,7
GEX043308,4,7
GEX043309,0,3
GEX043330,2,1
GEX043421,0,3
GEX043449,2,6
GEX043582,6,0
GEX043587,6,0
GEX043597,9,7
GEX043637,2,1
GEX043655,3,7
GEX043697,1,4
GEX043726,8,1
GEX043757,6,9
GEX043773,2,5
GEX043800,2,5
GEX043805,4,3
GEX043817,7,4
GEX043818,1,9
GEX043832,1,9
GEX043841,9,2
GEX043842,2,2
GEX043852,0,7
GEX043856,4,3
GEX043857,3,7
GEX043864,1,9
GEX043865,1,3
GEX043896,6,3
GEX043910,5,3
GEX043911,7,0
GEX043949,5,2
GEX043950,7,0
GEX043991,9,2
GEX043992,4,7
GEX044025,2,4
GEX044046,1,0
GEX044089,0,3
GEX044090,6,0
GEX044165,2,2
GEX044166,9,7
GEX044220,3,2
GEX044232,2,5
GEX044265,5,3
GEX044266,5,5
GEX044414,5,1
GEX044466,9,7
GEX044483,5,1
GEX044491,8,1
GEX044611,0,4
GEX044710,9,7
GEX044718,6,3
GEX044719,9,3
GEX044748,3,7
GEX044749,1,0
GEX044752,5,6
GEX044776,3,3
GEX044791,4,3
GEX044797,6,2
GEX044825,7,5
GEX044878,2,4
GEX044888,2,8
GEX044910,1,0
GEX044950,2,9
GEX044951,7,5
GEX045001,9,7
GEX045019,0,7
GEX045020,5,0
GEX045055,9,2
GEX045093,6,9
GEX045105,5,0
GEX045116,6,0
GEX045117,9,0
GEX045144,5,3
GEX045244,4,0
GEX045245,4,9
GEX045370,0,7
GEX045371,7,2
GEX045376,0,2
GEX045399,8,1
GEX045443,2,6
GEX045641,6,5
GEX045679,2,6
GEX045680,0,2
GEX045681,7,5
GEX045686,7,5
GEX045687,2,9
GEX045692,3,7
GEX045720,5,1
GEX045771,1,0
GEX045794,4,7
GEX045795,1,0
GEX045834,7,5
GEX045895,4,3
GEX045896,3,7
GEX045921,2,6
GEX045937,5,7
GEX045938,8,5
GEX045985,9,9
GEX045986,5,3
GEX045991,7,2
GEX045997,2,6
GEX046019,8,1
GEX046105,5,4
GEX046111,2,4
GEX046112,3,4
GEX046151,1,0
GEX046159,8,1
GEX046260,2,8
GEX046282,0,3
GEX046283,3,7
GEX046298,5,3
GEX046299,2,5
GEX046344,9,3
GEX046488,5,4
GEX046489,6,4
GEX046490,0,2
GEX046491,6,2
GEX046547,5,2
GEX046569,4,7
GEX046570,5,0
GEX046633,3,7
GEX046634,7,5
GEX046638,0,3
GEX046652,5,0
GEX046694,9,0
GEX046695,6,5
GEX046719,8,1
GEX046823,3,2
GEX046902,1,0
GEX046954,3,3
GEX046959,8,6
GEX047001,5,4
GEX047016,5,2
GEX047017,9,3
GEX047028,3,3
GEX047029,7,5
GEX047048,3,3
GEX047056,4,7
GEX047073,7,4
GEX047098,2,6
GEX047100,7,4
GEX047101,7,4
GEX047140,6,5
GEX047150,4,2
GEX047217,7,5
GEX047218,0,3
GEX047263,0,0
GEX047264,4,3
GEX047375,4,7
GEX047404,3,7
GEX047405,7,5
GEX047422,0,7
GEX047423,6,0
GEX047427,8,1
GEX047440,9,7
GEX047442,5,4
GEX047510,2,4
GEX047513,2,6
GEX047517,2,5
GEX047690,0,3
GEX047691,4,3
GEX047766,0,0
GEX047767,3,7
GEX047773,6,0
GEX047823,7,9
GEX047824,4,7
GEX047909,3,2
GEX047948,6,0
GEX047949,7,4
GEX048003,9,7
GEX048069,8,1
GEX048089,4,4
GEX048215,9,2
GEX048216,1,2
GEX048223,0,3
GEX048248,8,6
GEX048288,2,4
GEX048370,2,4
GEX048371,9,4
GEX048372,9,2
GEX048373,4,7
GEX048404,9,3
GEX048417,1,0
GEX048432,1,3
GEX048446,1,3
GEX048506,0,3
GEX048531,4,3
GEX048586,9,7
GEX048611,9,7
GEX048620,3,3
GEX048634,6,3
GEX048693,1,0
GEX048694,0,7
GEX048729,9,3
GEX048844,0,2
GEX048845,6,2
GEX048852,8,1
GEX048858,3,7
GEX048859,0,2
GEX048879,6,7
GEX048880,1,2
GEX048935,3,3
GEX048963,0,3
GEX048992,6,4
GEX048993,1,4
GEX049276,9,2
GEX049277,1,2
GEX049325,9,7
GEX049326,4,3
GEX049348,1,0
GEX049367,0,4
GEX049371,1,5
GEX049393,0,3
GEX049473,7,4
GEX049483,3,4
GEX049484,3,4
GEX049485,3,7
GEX049526,4,7
GEX049527,1,0
GEX049574,5,6
GEX049647,0,7
GEX049659,2,5
GEX049677,7,5
GEX049691,4,7
GEX049692,7,5
GEX049698,1,0
GEX049766,2,5
GEX049796,1,0
GEX049811,5,2
GEX049812,2,5
GEX049832,8,1
GEX049915,2,6
GEX049981,4,3
GEX049982,9,3
GEX050023,0,7
GEX050043,1,2
GEX050062,5,2
GEX050063,9,2
GEX050207,3,7
GEX050220,3,7
GEX050226,2,4
GEX050227,8,1
GEX050289,0,7
GEX050301,9,7
GEX050326,2,2
GEX050327,9,2
GEX050367,8,1
GEX050423,4,3
GEX050439,6,9
GEX050490,6,7
GEX050592,7,4
GEX050593,2,4
GEX050622,0,3
GEX050623,1,0
GEX050720,9,0
GEX050738,9,7
GEX050766,2,1
GEX050777,5,1
GEX050788,0,7
GEX050813,2,5
GEX050815,2,5
GEX050831,4,7
GEX050842,4,3
GEX050843,5,9
GEX050862,3,3
GEX050884,1,9
GEX050909,4,7
GEX050910,9,7
GEX050931,3,3
GEX050950,9,3
GEX051003,0,7
GEX051004,4,7
GEX051068,4,3
GEX051085,9,7
GEX051086,1,7
GEX051090,6,0
GEX051091,2,5
GEX051114,2,5
GEX051115,7,5
GEX051146,7,5
GEX051147,7,5
GEX051169,8,1
GEX051196,4,7
GEX051293,7,5
GEX051294,2,5
GEX051352,1,9
GEX051353,1,3
GEX051416,4,3
GEX051439,1,9
GEX051440,0,3
GEX051466,1,0
GEX051467,7,9
GEX051506,3,3
GEX051559,4,7
GEX051619,5,1
GEX051675,0,7
GEX051676,5,0
GEX051730,9,9
GEX051745,4,7
GEX051757,6,9
GEX051777,9,3
GEX051788,5,9
GEX051804,6,0
GEX051805,7,5
GEX051873,1,5
GEX051880,1,2
GEX052006,2,6
GEX052084,2,4
GEX052111,9,0
GEX052149,2,6
GEX052284,8,1
GEX052301,6,2
GEX052312,6,9
GEX052329,8,1
GEX052414,9,3
GEX052477,7,4
GEX052478,7,0
GEX052490,9,7
GEX052678,0,3
GEX052704,3,7
GEX052705,1,9
GEX052751,9,7
GEX052752,0,3
GEX052757,0,3
GEX052758,7,5
GEX052871,2,5
GEX052872,0,7
GEX052888,1,3
GEX053011,5,2
GEX053012,5,0
GEX053034,4,3
GEX053040,0,7
GEX053049,7,5
GEX053090,0,7
GEX053095,6,5
GEX053120,3,3
GEX053194,3,2
GEX053227,8,6
GEX053293,6,9
GEX053294,6,4
GEX053308,4,7
GEX053327,9,2
GEX053330,9,4
GEX053331,7,4
GEX053345,2,6
GEX053352,9,7
GEX053538,0,3
GEX053565,0,7
GEX053618,3,3
GEX053683,6,2
GEX053684,7,2
GEX053721,1,5
GEX053722,3,3
GEX053741,8,4
GEX053829,0,7
GEX053838,9,2
GEX053866,1,4
GEX053867,2,4
GEX053901,9,7
GEX053906,7,2
GEX053907,5,7
GEX053938,8,1
GEX053992,2,1
GEX054026,9,3
GEX054079,4,3
GEX054085,2,5
GEX054086,5,2
GEX054213,5,4
GEX054247,0,4
GEX054263,6,2
GEX054268,7,5
GEX054269,7,9
GEX054287,2,8
GEX054351,0,7
GEX054493,2,6
GEX054540,7,5
GEX054568,5,7
GEX054601,0,7
GEX054609,3,7
GEX054736,0,7
GEX054769,2,6
GEX054809,7,5
GEX054810,6,9
GEX054814,1,3
GEX054876,7,0
GEX054877,6,2
GEX054991,8,1
GEX055002,2,5
GEX055010,3,3
GEX055023,7,5
GEX055024,6,0
GEX055029,4,3
GEX055030,0,9
GEX055089,3,7
GEX055090,2,5
GEX055122,6,3
GEX055140,2,5
GEX055156,2,5
GEX055178,1,5
GEX055225,0,3
GEX055246,4,3
GEX055308,2,8
GEX055329,9,7
GEX055334,3,3
GEX055343,2,1
GEX055366,7,9
GEX055367,1,0
GEX055465,8,1
GEX055534,6,4
GEX055535,7,9
GEX055546,0,4
GEX055563,0,3
GEX055572,0,7
GEX055573,9,7
GEX055720,1,9
GEX055721,6,9
GEX055745,2,5
GEX055749,5,7
GEX055750,1,7
GEX055800,7,5
GEX055866,3,7
GEX055973,0,4
GEX055974,5,4
GEX056014,2,8
GEX056019,3,3
GEX056054,7,2
GEX056073,7,9
GEX056089,8,8
GEX056099,2,5
GEX056100,4,7
GEX056237,0,3
GEX056260,3,3
GEX056326,6,3
GEX056386,2,6
GEX056422,1,7
GEX056517,2,6
GEX056536,2,6
GEX056559,0,0
GEX056631,7,5
GEX056639,2,5
GEX056642,0,3
GEX056643,5,5
GEX056705,2,6
GEX056757,3,3
GEX056783,7,0
GEX056784,8,1
GEX056801,7,9
GEX056802,7,4
GEX056825,4,3
GEX056834,6,9
GEX057155,1,5
GEX057156,3,3
GEX057158,2,5
GEX057189,8,6
GEX057223,6,0
GEX057226,6,3
GEX057235,5,3
GEX057313,4,7
GEX057443,7,4
GEX057452,9,3
GEX057453,3,7
GEX057508,5,3
GEX057509,7,5
GEX057556,1,0
GEX057642,2,6
GEX057678,2,5
GEX057679,6,2
GEX057711,8,1
GEX057737,8,7
GEX057738,1,0
GEX057859,1,0
GEX057883,2,5
GEX057884,7,0
GEX057921,3,7
GEX057935,5,7
GEX057936,1,0
GEX057943,4,7
GEX057944,7,5
GEX057971,1,0
GEX057980,5,4
GEX058012,5,3
GEX058031,5,4
GEX058032,1,0
GEX058034,9,7
GEX058042,6,7
GEX058061,3,3
GEX058080,1,5
GEX058087,9,7
GEX058088,0,7
GEX058124,6,9
GEX058125,1,9
GEX058149,0,3
GEX058178,4,7
GEX058179,0,7
GEX058192,4,3
GEX058243,4,7
GEX058244,7,5
GEX058306,7,5
GEX058314,3,7
GEX058326,9,3
GEX058327,4,3
GEX058352,2,6
GEX058399,7,4
GEX058400,1,4
GEX058423,3,3
GEX058474,1,9
GEX058475,1,9
GEX058498,1,0
GEX058527,0,4
GEX058630,5,2
GEX058631,5,2
GEX058697,0,3
GEX058698,8,5
GEX058704,5,0
GEX058737,0,3
GEX058738,6,9
GEX058749,8,1
GEX058764,3,3
GEX058791,5,9
GEX058795,8,1
GEX058847,8,1
GEX058886,7,2
GEX058890,2,6
GEX058953,5,5
GEX058954,6,2
GEX058969,7,5
GEX058974,5,2
GEX058975,3,2
GEX059024,5,0
GEX059025,9,3
GEX059026,4,3
GEX059028,2,8
GEX059035,9,7
GEX059091,9,3
GEX059113,7,9
GEX059114,4,0
GEX059168,5,4
GEX059254,9,7
GEX059356,9,2
GEX059357,9,0
GEX059419,8,1
GEX059424,6,9
GEX059503,3,7
GEX059559,5,1
GEX059654,6,2
GEX059661,5,3
GEX059707,3,3
GEX059769,8,1
GEX059771,2,5
GEX059772,5,9
GEX059848,3,7
GEX059849,4,0
GEX059865,0,7
GEX059947,7,2
GEX059966,7,5
GEX060010,1,0
GEX060093,2,1
GEX060099,3,3
GEX060101,9,7
GEX060102,4,2
GEX060109,7,5
GEX060110,6,0
GEX060166,2,5
GEX060270,7,5
GEX060277,9,3
GEX060284,7,5
GEX060309,8,1
GEX060547,6,4
GEX060548,6,9
GEX060574,9,4
GEX060604,3,3
GEX060618,1,3
GEX060768,3,3
GEX060792,0,3
GEX060852,6,9
GEX060853,7,5
GEX060978,6,2
GEX060988,0,7
GEX060989,0,7
GEX061012,8,4
GEX061044,6,0
GEX061111,9,3
GEX061189,1,0
GEX061190,3,7
GEX061232,2,1
GEX061258,6,0
GEX061327,7,5
GEX061328,7,4
GEX061423,8,1
GEX061517,5,0
GEX061549,6,5
GEX061550,9,0
GEX061565,2,6
GEX061589,6,4
GEX061590,7,9
GEX061659,9,2
GEX061660,5,3
GEX061777,7,4
GEX061786,8,1
GEX061802,9,3
GEX061808,9,2
GEX061809,5,2
GEX061853,8,1
GEX061895,9,7
GEX061896,6,0
GEX061951,4,3
GEX061952,5,9
GEX061959,9,7
GEX062015,4,7
GEX062016,1,5
GEX062065,3,7
GEX062073,5,0
GEX062076,3,7
GEX062082,1,2
GEX062083,5,2
GEX062102,9,3
GEX062114,9,2
GEX062211,4,3
GEX062215,2,4
GEX062216,2,4
GEX062245,1,0
GEX062246,1,4
GEX062282,2,1
GEX062354,5,3
GEX062403,7,4
GEX062447,0,2
GEX062448,7,5
GEX062471,0,3
GEX062472,1,4
GEX062549,6,5
GEX062583,6,2
GEX062607,0,4
GEX062611,6,0
GEX062618,9,4
GEX062643,9,0
GEX062794,7,5
GEX062852,2,5
GEX062853,3,7
GEX062877,5,9
GEX062878,5,9
GEX062903,1,7
GEX062904,1,5
GEX062941,1,0
GEX062942,1,7
GEX062956,1,2
GEX062957,6,2
GEX063040,3,3
GEX063071,0,3
GEX063072,7,5
GEX063075,8,1
GEX063076,3,7
GEX063121,2,6
GEX063180,3,3
GEX063212,5,0
GEX063306,1,0
GEX063435,3,3
GEX063436,9,3
GEX063600,0,7
GEX063612,7,4
GEX063613,6,4
GEX063626,3,3
GEX063652,0,7
GEX063653,6,2
GEX063677,2,4
GEX063678,2,4
GEX063699,1,3
GEX063795,3,7
GEX063854,1,0
GEX063855,7,5
GEX063902,3,3
GEX063983,4,7
GEX063984,6,0
GEX064075,1,9
GEX064090,7,2
GEX064091,6,2
GEX064123,7,9
GEX064124,7,9
GEX064133,0,7
GEX064171,3,7
GEX064188,3,2
GEX064189,6,9
GEX064243,8,8
GEX064286,1,0
GEX064305,7,5
GEX064306,1,0
GEX064334,3,4
GEX064335,5,4
GEX064374,5,2
GEX064422,3,3
GEX064436,3,7
GEX064437,1,3
GEX064447,3,7
GEX064466,4,7
GEX064467,1,0
GEX064532,6,0
GEX064552,1,0
GEX064553,9,7
GEX064588,7,5
GEX064644,8,1
GEX064656,0,3
GEX064657,1,2
GEX064668,0,3
GEX064703,8,6
GEX064746,2,1
GEX064758,8,1
GEX064760,3,3
GEX064842,6,9
GEX064843,3,2
GEX064856,7,5
GEX064857,7,5
GEX064875,0,3
GEX064922,9,3
GEX064923,0,7
GEX065018,1,9
GEX065030,7,0
GEX065064,5,4
GEX065083,4,3
GEX065133,0,3
GEX065157,6,9
GEX065267,0,3
GEX065268,1,0
GEX065289,6,0
GEX065290,3,7
GEX065298,9,4
GEX065336,5,3
GEX065371,5,3
GEX065372,2,5
GEX065394,2,8
GEX065406,1,3
GEX065413,4,3
GEX065414,7,5
GEX065425,5,7
GEX065426,3,7
GEX065431,6,2
GEX065432,7,0
GEX065465,5,3
GEX065489,9,3
GEX065490,9,2
GEX065491,1,0
GEX065572,9,7
GEX065573,7,5
GEX065574,2,6
GEX065586,2,5
GEX065590,1,0
GEX065700,6,9
GEX065774,3,3
GEX065775,7,5
GEX065779,9,3
GEX065811,0,7
GEX065817,2,1
GEX065849,1,0
GEX065859,2,6
GEX065927,6,2
GEX065928,1,2
GEX066004,2,6
GEX066060,0,4
GEX066061,6,0
GEX066106,7,9
GEX066115,1,3
GEX066116,5,9
GEX066143,1,5
GEX066144,6,9
GEX066160,7,5
GEX066249,5,2
GEX066280,9,7
GEX066281,5,0
GEX066325,1,9
GEX066377,8,1
GEX066464,4,0
GEX066588,3,3
GEX066621,5,4
GEX066646,2,6
GEX066701,2,6
GEX066776,2,6
GEX066790,3,2
GEX066839,5,9
GEX066872,1,0
GEX066938,2,6
GEX066940,7,5
GEX066941,6,0
GEX066972,6,4
GEX066973,7,4
GEX066985,3,3
GEX067004,3,7
GEX067049,5,0
GEX067114,2,6
GEX067148,3,3
GEX067173,5,3
GEX067179,3,3
GEX067204,2,6
GEX067280,6,9
GEX067289,6,0
GEX067303,5,9
GEX067304,7,5
GEX067305,1,5
GEX067314,6,0
GEX067323,1,9
GEX067387,9,3
GEX067388,9,0
GEX067407,9,7
GEX067451,9,3
GEX067515,9,3
GEX067516,3,7
GEX067561,4,7
GEX067602,7,1
GEX067620,5,2
GEX067642,1,7
GEX067660,2,6
GEX067667,1,2
GEX067668,1,0
GEX067688,3,3
GEX067699,4,9
GEX067700,3,3
GEX067737,2,5
GEX067738,5,2
GEX067763,6,0
GEX067826,0,7
GEX067827,7,2
GEX067909,6,3
GEX067910,7,5
GEX067971,1,4
GEX067972,7,4
GEX067983,5,3
GEX068029,4,3
GEX068030,9,7
GEX068031,9,7
GEX068068,3,3
GEX068069,9,7
GEX068073,8,1
GEX068082,5,0
GEX068114,1,0
GEX068150,7,5
GEX068264,4,0
GEX068265,0,3
GEX068266,9,2
GEX068267,6,2
GEX068274,8,1
GEX068283,2,6
GEX068284,2,4
GEX068296,7,5
GEX068320,6,5
GEX068328,4,3
GEX068348,4,3
GEX068353,2,6
GEX068587,9,2
GEX068594,9,3
GEX068643,9,3
GEX068656,0,7
GEX068754,9,7
GEX068755,6,0
GEX068800,4,2
GEX068801,6,0
GEX068894,9,7
GEX068984,3,2
GEX068985,1,0
GEX068990,8,6
GEX069019,0,2
GEX069020,1,0
GEX069038,5,7
GEX069039,3,3
GEX069106,7,5
GEX069136,0,4
GEX069137,6,9
GEX069155,5,1
GEX069156,2,6
GEX069161,3,3
GEX069291,2,5
GEX069340,1,0
GEX069469,9,7
GEX069481,3,9
GEX069482,7,5
GEX069490,1,0
GEX069497,3,3
GEX069504,5,2
GEX069614,3,3
GEX069615,4,7
GEX069625,4,3
GEX069634,7,5
GEX069651,4,7
GEX069652,3,3
GEX069673,5,3
GEX069674,2,5
GEX069719,8,6
GEX069818,6,2
GEX069945,5,6
GEX070004,4,7
GEX070086,6,2
GEX070087,9,2
GEX070090,9,7
GEX070091,4,7
GEX070114,4,3
GEX070166,3,7
GEX070167,4,3
GEX070183,1,9
GEX070192,5,9
GEX070193,7,5
GEX070206,6,4
GEX070259,9,2
GEX070384,1,9
GEX070403,2,8
GEX070415,4,3
GEX070426,1,4
GEX070427,7,4
GEX070486,3,3
GEX070487,6,2
GEX070535,7,2
GEX070590,0,7
GEX070591,6,5
GEX070604,7,5
GEX070605,3,7
GEX070653,1,0
GEX070676,6,3
GEX070692,9,0
GEX070750,9,3
GEX070782,0,3
GEX070811,5,0
GEX070813,6,0
GEX070814,5,0
GEX070880,7,9
GEX070881,4,4
GEX070897,2,1
GEX070902,3,7
GEX070903,3,2
GEX070944,6,0
GEX070945,6,5
GEX071222,2,8
GEX071234,7,5
GEX071312,8,4
GEX071315,1,0
GEX071316,7,5
GEX071319,6,4
GEX071320,5,4
GEX071412,2,5
GEX071425,9,3
GEX071496,7,5
GEX071497,7,2
GEX071513,2,6
GEX071514,2,1
GEX071521,3,7
GEX071522,1,0
GEX071546,3,7
GEX071560,9,7
GEX071564,1,0
GEX071572,0,7
GEX071573,7,5
GEX071621,3,3
GEX071622,9,7
GEX071643,3,3
GEX071694,1,0
GEX071760,4,7
GEX071776,2,6
GEX071813,3,2
GEX071887,2,6
GEX071896,1,0
GEX071911,2,6
GEX071931,6,0
GEX071973,7,5
GEX071988,0,7
GEX071989,7,5
GEX072017,8,1
GEX072036,1,2
GEX072073,8,1
GEX072089,3,3
GEX072090,6,0
GEX072097,6,4
GEX072136,9,3
GEX072137,9,0
GEX072203,5,7
GEX072204,7,5
GEX072205,0,7
GEX072206,9,7
GEX072334,2,9
GEX072365,9,7
GEX072367,5,3
GEX072372,3,7
GEX072386,5,0
GEX072453,3,7
GEX072454,7,5
GEX072457,2,5
GEX072458,7,5
GEX072524,9,7
GEX072525,4,7
GEX072532,0,4
GEX072537,5,4
GEX072538,9,3
GEX072561,1,7
GEX072674,3,7
GEX072675,7,5
GEX072702,9,3
GEX072725,3,9
GEX072726,3,0
GEX072728,8,1
GEX072780,5,4
GEX072799,3,3
GEX072800,4,3
GEX072869,0,7
GEX072870,9,2
GEX072891,8,1
GEX072898,0,4
GEX072962,9,7
GEX072963,6,0
GEX072976,8,4
GEX073025,8,5
GEX073047,3,3
GEX073048,0,3
GEX073088,7,0
GEX073100,9,0
GEX073101,2,5
GEX073138,0,7
GEX073174,9,7
GEX073175,4,7
GEX073216,6,7
GEX073217,1,0
GEX073273,5,0
GEX073287,8,1
GEX073338,0,7
GEX073382,5,3
GEX073383,2,5
GEX073404,9,3
GEX073408,7,5
GEX073409,9,0
GEX073433,7,0
GEX073434,7,4
GEX073443,9,3
GEX073444,7,5
GEX073521,2,6
GEX073535,5,2
GEX073536,3,2
GEX073558,3,3
GEX073559,4,4
GEX073560,7,9
GEX073610,8,1
GEX073665,4,3
GEX073666,7,5
GEX073709,5,1
GEX073710,5,4
GEX073737,8,1
GEX073752,5,3
GEX073809,4,3
GEX073838,3,3
GEX073850,2,6
GEX073955,3,2
GEX073956,0,7
GEX074000,5,4
GEX074001,0,4
GEX074039,0,7
GEX074052,8,4
GEX074100,4,3
GEX074177,6,3
GEX074202,2,1
GEX074223,1,5
GEX074224,7,5
GEX074356,9,7
GEX074373,2,5
GEX074377,3,3
GEX074378,5,3
GEX074501,2,6
GEX074588,7,5
GEX074604,5,2
GEX074605,2,5
GEX074615,9,7
GEX074686,1,2
GEX074687,9,2
GEX074743,9,7
GEX074771,8,1
GEX074784,8,1
GEX074818,3,3
GEX074878,3,7
GEX074879,6,0
GEX074881,7,0
GEX074910,3,3
GEX074954,8,1
GEX075072,4,3
GEX075113,8,1
GEX075180,6,0
GEX075380,2,4
GEX075425,1,9
GEX075468,9,2
GEX075607,5,2
GEX075612,6,0
GEX075649,6,0
GEX075705,3,3
GEX075823,5,1
GEX075844,1,9
GEX075846,7,0
GEX076011,3,2
GEX076056,5,2
GEX076233,9,0
GEX076234,9,2
GEX076238,7,5
GEX076265,2,4
GEX076299,6,9
GEX076303,4,0
GEX076304,1,3
GEX076310,1,0
GEX076325,6,4
GEX076326,7,4
GEX076333,3,3
GEX076365,6,2
GEX076373,1,7
GEX076389,3,3
GEX076430,8,1
GEX076459,6,0
GEX076472,1,0
GEX076473,6,9
GEX076517,7,5
GEX076528,3,7
GEX076587,3,3
GEX076588,9,0
GEX076628,8,1
GEX076633,0,3
GEX076634,7,9
GEX076649,9,2
GEX076650,1,2
GEX076679,5,7
GEX076680,1,5
GEX076737,9,4
GEX076758,8,1
GEX076781,0,3
GEX076782,6,9
GEX076840,4,3
GEX076903,9,0
GEX076919,0,3
GEX076920,7,5
GEX077067,7,5
GEX077218,4,3
GEX077219,0,3
GEX077250,6,0
GEX077327,4,3
GEX077343,8,1
GEX077466,2,6
GEX077537,0,9
GEX077692,0,4
GEX077697,3,0
GEX077731,3,3
GEX077755,7,5
GEX077756,7,2
GEX077803,0,7
GEX077804,0,7
GEX077810,8,1
GEX077823,6,3
GEX077846,7,5
GEX077886,1,0
GEX077928,8,1
GEX077933,5,0
GEX077982,4,3
GEX077989,8,8
GEX078004,3,7
GEX078005,1,0
GEX078023,2,6
GEX078043,7,4
GEX078044,9,4
GEX078054,4,7
GEX078055,9,3
GEX078064,8,1
GEX078084,2,6
GEX078087,9,7
GEX078126,1,0
GEX078149,1,0
GEX078173,7,4
GEX078174,6,4
GEX078206,6,9
GEX078213,7,4
GEX078223,2,8
GEX078237,8,1
GEX078256,4,7
GEX078297,6,0
GEX078325,3,3
GEX078326,1,0
GEX078427,1,4
GEX078428,2,4
GEX078478,9,7
GEX078480,3,3
GEX078561,2,6
GEX078562,3,3
GEX078639,3,3
GEX078658,1,9
GEX078659,5,4
GEX078782,9,3
GEX078795,2,6
GEX078808,9,3
GEX079033,3,3
GEX079067,8,1
GEX079080,2,8
GEX079107,7,5
GEX079122,3,7
GEX079123,6,5
GEX079160,9,2
GEX079161,4,7
GEX079212,6,9
GEX079219,9,3
GEX079220,8,1
GEX079232,9,3
GEX079251,0,7
GEX079252,1,0
GEX079341,6,0
GEX079378,9,2
GEX079380,1,5
GEX079457,4,7
GEX079484,7,9
GEX079485,0,3
GEX079493,4,0
GEX079568,9,9
GEX079569,6,5
GEX079572,3,3
GEX079573,7,9
GEX079593,2,4
GEX079594,7,4
GEX079624,5,1
GEX079656,4,7
GEX079673,1,0
GEX079674,7,0
GEX079722,1,3
GEX079753,8,1
GEX079842,0,3
GEX079889,9,7
GEX079890,4,7
GEX079901,0,4
GEX079905,1,0
GEX079906,0,7
GEX079910,6,0
GEX079915,1,4
GEX080005,1,0
GEX080006,6,9
GEX080095,0,4
GEX080117,1,0
GEX080143,7,5
GEX080217,6,2
GEX080233,0,3
GEX080257,5,2
GEX080269,4,3
GEX080329,3,3
GEX080330,7,9
GEX080334,4,3
GEX080414,2,6
GEX080424,8,6
GEX080514,7,4
GEX080515,6,4
GEX080531,9,7
GEX080581,9,2
GEX080582,3,7
GEX080604,6,0
GEX080653,2,5
GEX080654,5,9
GEX080721,5,3
GEX080729,0,2
GEX080744,7,5
GEX080798,7,5
GEX080799,3,0
GEX080821,0,7
GEX080843,4,3
GEX080930,2,6
GEX080942,4,3
GEX081092,5,9
GEX081163,5,0
GEX081192,6,3
GEX081211,1,9
GEX081212,0,7
GEX081229,4,7
GEX081230,8,0
GEX081234,2,1
GEX081383,6,0
GEX081386,4,3
GEX081387,4,3
GEX081421,7,0
GEX081422,7,5
GEX081447,6,5
GEX081498,6,9
GEX081526,8,1
GEX081528,1,9
GEX081551,8,6
GEX081568,6,9
GEX081654,9,4
GEX081655,0,4
GEX081660,3,7
GEX081694,5,3
GEX081737,9,3
GEX081779,5,3
GEX081817,1,5
GEX081857,4,7
GEX081858,6,2
GEX081883,5,4
GEX081922,7,9
GEX081923,7,4
GEX081937,0,7
GEX081938,0,7
GEX081974,6,0
GEX081982,3,3
GEX082052,1,0
GEX082173,6,9
GEX082234,5,3
GEX082235,2,5
GEX082307,3,7
GEX082308,7,5
GEX082362,0,7
GEX082363,3,7
GEX082433,4,3
GEX082436,6,9
GEX082437,7,5
GEX082466,8,1
GEX082509,3,3
GEX082575,6,0
GEX082576,7,5
GEX082624,1,9
GEX082689,6,3
GEX082690,3,7
GEX082763,6,9
GEX082764,0,7
GEX082813,3,3
GEX082828,1,0
GEX082830,1,2
GEX082942,7,9
GEX082956,9,9
GEX082957,6,5
GEX082984,5,2
GEX082985,2,5
GEX083050,9,3
GEX083073,9,4
GEX083074,0,9
GEX083100,7,5
GEX083101,7,5
GEX083120,1,2
GEX083121,6,2
GEX083126,2,5
GEX083127,1,4
GEX083140,3,3
GEX083141,6,7
GEX083184,0,2
GEX083246,5,0
GEX083247,5,2
GEX083265,5,3
GEX083266,9,0
GEX083276,6,4
GEX083277,8,5
GEX083291,8,1
GEX083335,8,8
GEX083346,6,0
GEX083388,2,6
GEX083391,7,9
GEX083395,7,9
GEX083451,5,3
GEX083461,1,0
GEX083549,7,9
GEX083578,8,1
GEX083595,5,4
GEX083596,3,4
GEX083664,6,2
GEX083684,2,6
GEX083846,9,7
GEX083891,2,5
GEX083892,2,5
GEX083907,2,8
GEX083929,0,3
GEX083975,4,3
GEX083976,2,6
GEX084024,8,1
GEX084044,5,7
GEX084071,7,5
GEX084079,2,6
GEX084106,6,9
GEX084138,6,9
GEX084158,0,7
GEX084159,6,0
GEX084199,0,7
GEX084200,6,0
GEX084280,7,5
GEX084294,3,7
GEX084448,0,3
GEX084449,0,3
GEX084466,2,9
GEX084613,2,6
GEX084632,3,3
GEX084652,1,7
GEX084701,1,5
GEX084810,8,1
GEX084830,8,1
GEX084831,2,4
GEX084842,7,0
GEX084843,6,3
GEX084848,9,0
GEX084974,7,5
GEX085004,6,0
GEX085005,6,9
GEX085021,0,4
GEX085037,9,7
GEX085040,8,6
GEX085067,9,3
GEX085131,9,7
GEX085182,9,3
GEX085192,5,0
GEX085266,4,7
GEX085334,0,4
GEX085491,1,9
GEX085554,8,1
GEX085555,9,7
GEX085556,2,5
GEX085562,6,9
GEX085583,1,0
GEX085591,9,3
GEX085592,0,3
GEX085636,9,3
GEX085787,0,7
GEX085814,3,3
GEX085870,7,5
GEX085871,5,0
GEX085899,1,7
GEX085900,6,9
GEX085929,1,9
GEX085948,0,3
GEX085949,9,3
GEX085950,6,5
GEX085952,7,0
GEX085986,2,1
GEX085996,3,3
GEX086026,9,4
GEX086056,3,7
GEX086057,6,0
GEX086092,3,3
GEX086093,1,0
GEX086117,7,5
GEX086118,3,2
GEX086122,2,5
GEX086261,3,3
GEX086262,1,9
GEX086292,7,1
GEX086310,1,2
GEX086311,6,2
GEX086349,5,3
GEX086350,5,0
GEX086379,3,3
GEX086416,0,3
GEX086467,5,9
GEX086471,4,3
GEX086472,1,7
GEX086477,2,6
GEX086484,7,5
GEX086485,6,0
GEX086491,0,3
GEX086492,1,0
GEX086513,0,3
GEX086540,3,4
GEX086541,1,4
GEX086743,3,3
GEX086744,6,0
GEX086754,6,0
GEX086755,6,5
GEX086898,6,5
GEX086901,1,9
GEX086934,8,1
GEX087011,2,6
GEX087032,3,7
GEX087043,5,6
GEX087079,9,0
GEX087089,6,2
GEX087090,9,3
GEX087093,8,4
GEX087262,7,9
GEX087290,5,0
GEX087336,3,2
GEX087381,9,2
GEX087382,3,3
GEX087411,5,2
GEX087464,5,3
GEX087547,4,7
GEX087553,8,1
GEX087557,1,0
GEX087591,2,6
GEX087599,5,3
GEX087600,2,6
GEX087613,0,3
GEX087619,4,7
GEX087637,5,9
GEX087649,0,3
GEX087650,3,7
GEX087651,1,0
GEX087652,7,5
GEX087725,7,4
GEX087726,6,7
GEX087746,1,0
GEX087781,6,9
GEX087788,8,1
GEX087798,6,0
GEX087799,9,3
GEX087806,0,7
GEX087807,7,5
GEX087811,5,9
GEX087847,1,9
GEX087861,8,1
GEX087888,2,4
GEX087889,0,7
GEX087908,3,7
GEX087926,9,7
GEX087934,8,6
GEX087986,3,7
GEX087987,5,3
GEX088043,5,1
GEX088086,8,8
GEX088101,5,2
GEX088102,5,3
GEX088110,3,7
GEX088111,0,3
GEX088124,6,3
GEX088125,9,7
GEX088247,4,4
GEX088303,9,7
GEX088304,2,5
GEX088333,0,3
GEX088340,6,0
GEX088343,1,5
GEX088451,7,0
GEX088452,1,5
GEX088482,3,5
GEX088517,1,0
GEX088534,1,0
GEX088538,0,2
GEX088545,3,7
GEX088712,0,3
GEX088794,2,6
GEX088827,9,7
GEX088924,7,5
GEX088925,7,5
GEX088937,5,7
GEX088990,9,3
GEX088991,7,5
GEX088992,9,7
GEX089005,1,0
GEX089048,8,0
GEX089242,9,7
GEX089372,3,3
GEX089373,7,9
GEX089383,1,9
GEX089470,7,9
GEX089471,9,9
GEX089519,8,4
GEX089536,5,7
GEX089537,1,2
GEX089598,0,3
GEX089610,4,0
GEX089611,4,9
GEX089628,6,9
GEX089673,5,0
GEX089681,4,7
GEX089691,7,2
GEX089724,9,4
GEX089725,2,4
GEX089738,2,1
GEX089825,6,9
GEX089826,1,5
GEX089829,8,1
GEX089854,7,4
GEX089857,6,9
GEX089858,9,7
GEX089882,8,1
GEX089963,6,0
GEX090015,2,6
GEX090196,1,3
GEX090244,1,9
GEX090245,5,9
GEX090246,2,6
GEX090280,8,8
GEX090285,9,7
GEX090307,0,3
GEX090308,6,9
GEX090330,0,7
GEX090331,4,7
GEX090352,9,9
GEX090367,9,7
GEX090368,7,5
GEX090446,6,9
GEX090447,6,9
GEX090519,6,9
GEX090539,8,0
GEX090550,7,4
GEX090551,7,9
GEX090589,8,5
GEX090612,5,3
GEX090656,8,6
GEX090674,6,0
GEX090687,1,0
GEX090688,7,5
GEX090718,6,4
GEX090734,9,7
GEX090738,6,0
GEX090848,1,5
GEX090899,0,7
GEX090900,1,2
GEX090917,7,4
GEX090939,8,6
GEX090986,6,2
GEX090987,0,3
GEX091093,3,3
GEX091199,4,3
GEX091205,3,7
GEX091206,2,4
GEX091249,7,0
GEX091270,3,3
GEX091315,1,2
GEX091406,4,3
GEX091407,3,3
GEX091449,2,5
GEX091450,5,2
GEX091468,2,6
GEX091480,6,9
GEX091520,2,5
GEX091521,7,5
GEX091558,4,7
GEX091742,6,2
GEX091747,2,6
GEX091758,7,5
GEX091774,2,1
GEX091812,0,7
GEX091813,1,0
GEX091838,9,7
GEX091883,0,7
GEX091884,4,7
GEX091888,4,3
GEX091904,8,8
GEX091916,1,0
GEX091917,1,0
GEX091946,9,2
GEX091952,0,7
GEX091953,0,3
GEX092107,0,3
GEX092166,9,7
GEX092167,0,3
GEX092174,0,4
GEX092209,4,2
GEX092210,6,0
GEX092221,5,7
GEX092251,2,5
GEX092262,1,7
GEX092263,1,9
GEX092300,2,8
GEX092487,6,5
GEX092488,1,0
GEX092505,3,3
GEX092596,2,6
GEX092822,7,4
GEX092823,2,4
GEX092829,1,0
GEX092978,7,0
GEX092979,0,7
GEX093003,2,5
GEX093007,1,0
GEX093017,0,4
GEX093096,9,3
GEX093134,1,3
GEX093187,1,0
GEX093235,4,3
GEX093250,0,3
GEX093251,9,3
GEX093271,7,4
GEX093289,0,0
GEX093295,5,6
GEX093345,9,7
GEX093351,4,3
GEX093356,9,7
GEX093366,4,7
GEX093370,3,3
GEX093372,4,7
GEX093457,9,7
GEX093484,0,7
GEX093488,9,9
GEX093489,9,3
GEX093505,2,1
GEX093510,5,7
GEX093511,7,5
GEX093626,2,6
GEX093670,7,4
GEX093671,3,7
GEX093696,6,2
GEX093718,0,7
GEX093748,8,1
GEX093854,9,7
GEX093855,7,5
GEX093859,5,1
GEX093956,9,2
GEX093957,3,7
GEX093967,8,7
GEX093968,1,0
GEX093996,2,6
GEX094018,6,0
GEX094019,6,7
GEX094036,8,1
GEX094112,9,7
GEX094220,6,9
GEX094315,3,3
GEX094336,5,2
GEX094337,7,5
GEX094351,0,3
GEX094404,2,5
GEX094405,3,7
GEX094406,3,7
GEX094407,2,9
GEX094412,8,5
GEX094434,9,7
GEX094435,3,2
GEX094466,0,5
GEX094529,4,3
GEX094700,2,6
GEX094731,5,6
GEX094732,8,1
GEX094903,2,9
GEX094986,6,2
GEX094993,9,2
GEX095020,3,3
GEX095066,2,6
GEX095088,9,0
GEX095229,0,2
GEX095339,5,4
GEX095340,7,4
GEX095370,9,3
GEX095371,0,7
GEX095380,9,2
GEX095381,5,2
GEX095459,8,1
GEX095494,1,9
GEX095542,5,1
GEX095543,2,6
GEX095578,5,7
GEX095579,8,5
GEX095727,1,0
GEX095728,7,5
GEX095785,0,3
GEX095847,1,0
GEX095848,3,7
GEX095911,8,1
GEX095934,4,3
GEX095992,9,7
GEX096008,2,6
GEX096037,0,3
GEX096079,7,2
GEX096084,6,9
GEX096104,8,1
GEX096105,5,7
GEX096213,1,0
GEX096297,2,1
GEX096382,5,3
GEX096383,9,7
GEX096449,2,6
GEX096459,7,9
GEX096465,6,4
GEX096469,6,9
GEX096470,5,4
GEX096487,7,5
GEX096503,5,3
GEX096547,7,9
GEX096548,2,5
GEX096578,2,6
GEX096626,6,0
GEX096627,6,7
GEX096682,7,5
GEX096683,7,2
GEX096684,2,5
GEX096686,2,2
GEX096687,9,7
GEX096746,3,7
GEX096747,1,3
GEX096762,3,7
GEX096785,6,0
GEX096802,9,3
GEX096871,1,0
GEX096876,0,7
GEX096877,6,0
GEX096975,1,5
GEX097114,5,4
GEX097115,3,3
GEX097120,5,0
GEX097124,7,5
GEX097125,4,0
GEX097207,3,2
GEX097220,4,7
GEX097221,1,0
GEX097248,7,5
GEX097249,1,9
GEX097270,4,0
GEX097277,1,7
GEX097310,6,0
GEX097322,5,4
GEX097323,1,4
GEX097423,0,7
GEX097453,9,3
GEX097463,2,9
GEX097473,5,2
GEX097474,2,5
GEX097483,3,3
GEX097484,0,7
GEX097576,4,7
GEX097577,5,5
GEX097588,7,5
GEX097589,9,4
GEX097606,9,3
GEX097607,6,0
GEX097610,9,3
GEX097666,1,0
GEX097667,9,3
GEX097687,4,4
GEX097688,7,4
GEX097769,2,4
GEX097828,6,4
GEX097829,7,9
GEX097881,0,7
GEX097882,4,3
GEX097927,6,9
GEX097949,1,9
GEX097975,1,0
GEX098114,2,1
GEX098173,9,7
GEX098193,4,4
GEX098199,3,7
GEX098217,8,4
GEX098218,8,9
GEX098238,1,7
GEX098274,1,4
GEX098275,5,3
GEX098301,6,5
GEX098329,2,5
GEX098330,4,3
GEX098357,2,4
GEX098358,2,4
GEX098360,2,6
GEX098445,7,4
GEX098475,6,7
GEX098476,7,5
GEX098502,2,6
GEX098512,2,5
GEX098520,3,7
GEX098618,7,5
GEX098631,7,5
GEX098632,7,5
GEX098656,8,1
GEX098657,1,9
GEX098658,1,5
GEX098690,0,7
GEX098691,6,0
GEX098709,9,2
GEX098710,7,2
GEX098715,5,6
GEX098716,5,0
GEX098717,7,5
GEX098730,6,2
GEX098761,1,9
GEX098762,0,3
GEX098767,2,5
GEX098768,7,9
GEX098799,9,4
GEX098800,2,4
GEX098802,4,9
GEX098828,2,5
GEX098878,8,1
GEX098896,9,7
GEX098921,1,4
GEX099100,9,7
GEX099101,5,0
GEX099130,7,5
GEX099136,0,3
GEX099197,5,1
GEX099215,5,3
GEX099225,2,1
GEX099228,2,6
GEX099279,9,3
GEX099362,2,6
GEX099381,7,5
GEX099431,4,3
GEX099432,5,9
GEX099499,4,7
GEX099517,2,6
GEX099571,9,7
GEX099632,5,2
GEX099633,7,5
GEX099641,4,7
GEX099680,5,6
GEX099699,4,3
GEX099737,1,3
GEX099895,1,0
GEX099896,6,5
GEX099932,5,2
GEX099992,0,7
GEX099994,0,4
GEX099995,3,4
GEX100023,0,3
GEX100083,8,6
GEX100100,9,7
GEX100135,3,2
GEX100136,3,7
GEX100147,0,7
GEX100150,8,1
GEX100245,2,5
GEX100246,4,3
GEX100282,0,3
GEX100374,1,9
GEX100377,3,3
GEX100394,0,7
GEX100398,1,7
GEX100406,4,3
GEX100453,0,3
GEX100481,7,5
GEX100482,6,7
GEX100589,3,0
GEX100590,0,2
GEX100742,3,7
GEX100743,7,5
GEX100772,2,6
GEX100899,5,1
GEX100904,6,2
GEX100905,3,3
GEX100919,6,0
GEX100922,6,0
GEX100923,0,7
GEX100935,3,2
GEX100936,6,2
GEX100958,6,0
GEX100959,0,0
GEX100991,9,2
GEX101025,0,0
GEX101044,4,3
GEX101118,4,7
GEX101237,0,3
GEX101238,9,3
GEX101296,0,3
GEX101330,3,7
GEX101401,7,5
GEX101402,7,9
GEX101489,2,6
GEX101496,4,3
GEX101504,0,4
GEX101516,5,0
GEX101575,4,7
GEX101576,8,0
GEX101624,5,3
GEX101681,5,7
GEX101682,3,7
GEX101743,2,6
GEX101751,6,0
GEX101774,2,6
GEX101777,7,9
GEX101778,2,9
GEX101815,9,3
GEX101816,9,2
GEX101818,2,2
GEX101926,5,5
GEX101982,9,3
GEX101983,0,2
GEX101988,9,3
GEX102103,1,9
GEX102155,2,5
GEX102159,6,9
GEX102210,9,7
GEX102211,7,2
GEX102237,7,7
GEX102238,1,9
GEX102266,8,1
GEX102304,3,3
GEX102315,9,3
GEX102333,7,2
GEX102341,4,0
GEX102342,0,3
GEX102349,3,7
GEX102350,4,0
GEX102380,3,7
GEX102381,1,5
GEX102434,6,9
GEX102509,8,1
GEX102556,0,7
GEX102557,7,5
GEX102606,1,2
GEX102677,9,3
GEX102678,5,0
GEX102735,9,7
GEX102840,9,7
GEX102875,7,9
GEX102876,6,4
GEX102883,5,2
GEX102884,9,2
GEX102924,4,7
GEX102925,6,0
GEX103062,3,3
GEX103079,6,0
GEX103116,3,3
GEX103132,1,3
GEX103183,6,3
GEX103239,5,3
GEX103269,0,3
GEX103348,0,7
GEX103349,7,4
GEX103353,3,2
GEX103358,9,3
GEX103366,3,3
GEX103367,9,4
GEX103376,5,0
GEX103403,8,6
GEX103425,5,7
GEX103426,5,3
GEX103429,3,3
GEX103430,0,3
GEX103452,3,7
GEX103453,9,3
GEX103540,3,7
GEX103589,8,1
GEX103638,0,7
GEX103644,1,5
GEX103701,6,9
GEX103713,2,6
GEX103720,0,7
GEX103721,2,5
GEX103722,8,1
GEX103757,7,5
GEX103796,0,3
GEX103797,1,4
GEX103898,1,9
GEX104006,1,4
GEX104007,6,7
GEX104027,2,6
GEX104070,7,1
GEX104125,7,5
GEX104126,2,5
GEX104127,2,5
GEX104159,6,5
GEX104234,0,3
GEX104239,2,6
GEX104259,3,3
GEX104262,2,6
GEX104267,4,7
GEX104293,5,7
GEX104343,8,6
GEX104369,4,3
GEX104403,3,7
GEX104404,4,7
GEX104406,2,5
GEX104443,8,6
GEX104469,2,6
GEX104478,9,3
GEX104479,6,0
GEX104488,0,3
GEX104490,3,3
GEX104513,2,6
GEX104552,6,2
GEX104557,1,4
GEX104558,6,4
GEX104559,1,0
GEX104560,1,9
GEX104667,0,7
GEX104668,3,3
GEX104683,1,7
GEX104689,0,3
GEX104690,1,9
GEX104693,4,7
GEX104736,3,7
GEX104737,2,5
GEX104775,7,5
GEX104794,4,7
GEX104798,0,7
GEX104823,5,3
GEX104840,2,5
GEX104902,9,3
GEX104913,3,0
GEX104914,7,5
GEX104942,3,3
GEX104970,1,9
GEX105041,4,7
GEX105042,3,3
GEX105044,7,9
GEX105109,8,6
GEX105403,7,5
GEX105404,6,2
GEX105414,4,9
GEX105436,5,3
GEX105492,2,5
GEX105541,9,7
GEX105563,5,7
GEX105564,2,2
GEX105577,2,6
GEX105612,0,2
GEX105613,7,2
GEX105614,3,7
GEX105615,9,7
GEX105618,2,6
GEX105626,4,3
GEX105637,3,3
GEX105672,9,0
GEX105673,1,0
GEX105688,2,5
GEX105763,5,9
GEX105764,1,9
GEX105781,9,3
GEX105794,1,0
GEX105818,0,3
GEX105820,6,9
GEX105891,2,6
GEX106043,9,2
GEX106057,5,0
GEX106076,3,7
GEX106077,7,5
GEX106114,6,5
GEX106131,8,1
GEX106204,1,3
GEX106205,3,7
GEX106338,1,9
GEX106339,5,7
GEX106348,0,7
GEX106349,7,5
GEX106354,6,0
GEX106447,2,1
GEX106448,2,6
GEX106491,8,1
GEX106588,6,3
GEX106641,2,6
GEX106665,9,7
GEX106689,2,8
GEX106696,0,2
GEX106722,8,1
GEX106736,6,0
GEX106737,7,5
GEX106771,6,7
GEX106793,0,7
GEX106816,2,5
GEX106861,6,9
GEX106866,9,3
GEX106879,0,7
GEX106908,4,3
GEX106952,4,7
GEX106953,6,0
GEX106969,4,7
GEX106980,6,2
GEX106981,7,5
GEX107046,9,2
GEX107047,5,2
GEX107086,9,7
GEX107087,9,7
GEX107095,2,6
GEX107106,6,0
GEX107107,7,5
GEX107139,6,5
GEX107164,9,3
GEX107165,6,9
GEX107167,6,9
GEX107266,5,0
GEX107290,1,9
GEX107330,8,6
GEX107406,1,2
GEX107488,5,9
GEX107614,8,1
GEX107633,1,0
GEX107634,7,0
GEX107640,4,3
GEX107677,8,1
GEX107696,1,0
GEX107724,2,6
GEX107731,9,2
GEX107732,1,0
GEX107856,0,7
GEX107868,0,3
GEX107948,5,2
GEX108025,1,9
GEX108063,8,1
GEX108102,6,0
GEX108103,7,5
GEX108138,9,4
GEX108139,2,4
GEX108141,4,1
GEX108214,7,5
GEX108215,6,4
GEX108232,0,3
GEX108290,0,7
GEX108308,0,3
GEX108309,1,0
GEX108369,2,6
GEX108374,3,7
GEX108375,4,7
GEX108380,7,4
GEX108520,9,3
GEX108544,8,1
GEX108559,6,9
GEX108560,0,3
GEX108688,2,1
GEX108689,8,1
GEX108704,0,7
GEX108705,6,9
GEX108727,0,7
GEX108761,2,5
GEX108809,9,3
GEX108843,6,2
GEX108844,5,2
GEX108874,2,6
GEX108921,6,0
GEX108942,7,5
GEX109045,4,2
GEX109068,7,5
GEX109069,1,0
GEX109123,0,7
GEX109165,5,3
GEX109185,3,7
GEX109186,5,3
GEX109242,9,7
GEX109305,5,9
GEX109359,8,1
GEX109420,3,3
GEX109458,4,3
GEX109503,7,4
GEX109534,1,2
GEX109535,0,7
GEX109541,7,5
GEX109567,0,3
GEX109571,2,5
GEX109572,1,5
GEX109626,4,3
GEX109627,0,7
GEX109665,7,5
GEX109678,5,3
GEX109688,0,7
GEX109689,7,5
GEX109695,6,2
GEX109769,4,7
GEX109857,5,4
GEX109864,2,6
GEX109932,8,6
GEX109963,6,2
GEX109964,7,5
GEX109979,5,7
GEX109980,1,0
GEX109993,9,7
GEX110018,0,2
GEX110041,0,3
GEX110077,2,4
GEX110154,6,0
GEX110202,6,9
GEX110203,1,0
GEX110286,4,3
GEX110341,0,3
GEX110385,1,9
GEX110414,2,4
GEX110415,2,6
GEX110442,1,4
GEX110577,1,0
GEX110618,2,6
GEX110650,4,7
GEX110653,5,3
GEX110654,1,3
GEX110655,9,3
GEX110664,2,6
GEX110668,4,7
GEX110711,0,7
GEX110712,1,0
GEX110740,3,3
GEX110755,1,9
GEX110771,3,7
GEX110772,6,0
GEX110813,9,7
GEX110828,4,3
GEX110860,2,6
GEX110897,1,9
GEX110926,2,8
GEX110956,7,5
GEX111078,6,9
GEX111108,9,7
GEX111109,1,7
GEX111205,6,0
GEX111206,7,9
GEX111226,5,9
GEX111227,5,9
GEX111244,7,4
GEX111245,2,4
GEX111250,2,5
GEX111260,0,7
GEX111261,6,0
GEX111420,6,7
GEX111421,6,0
GEX111474,7,9
GEX111475,5,3
GEX111479,2,6
GEX111541,0,3
GEX111585,6,7
GEX111586,1,0
GEX111655,8,1
GEX111682,3,3
GEX111788,5,5
GEX111823,1,5
GEX111842,0,7
GEX111881,8,1
GEX111886,5,1
GEX111900,6,0
GEX111942,9,7
GEX112289,1,5
GEX112368,0,7
GEX112369,6,2
GEX112450,1,9
GEX112485,6,9
GEX112492,1,9
GEX112493,1,9
GEX112542,7,5
GEX112543,2,5
GEX112560,2,8
GEX112577,1,9
GEX112584,5,1
GEX112614,2,6
GEX112623,2,6
GEX112633,3,7
GEX112643,2,6
GEX112659,2,5
GEX112685,2,6
GEX112691,2,6
GEX112728,9,3
GEX112748,7,4
GEX112765,1,5
GEX112793,2,2
GEX112822,6,0
GEX112823,5,0
GEX112829,6,9
GEX112879,3,7
GEX112880,6,0
GEX112944,6,9
GEX112958,6,0
GEX113038,2,6
GEX113047,3,7
GEX113048,4,0
GEX113067,1,3
GEX113070,5,0
GEX113145,3,3
GEX113188,0,7
GEX113189,7,5
GEX113249,2,5
GEX113250,4,7
GEX113312,3,3
GEX113320,2,2
GEX113406,9,0
GEX113419,0,7
GEX113420,0,7
GEX113486,8,1
GEX113579,7,3
GEX113580,5,9
GEX113586,4,0
GEX113657,7,2
GEX113798,9,2
GEX113799,7,5
GEX113918,2,5
GEX113948,8,1
GEX113975,4,3
GEX113980,1,0
GEX114027,6,0
GEX114030,2,1
GEX114061,7,4
GEX114194,7,5
GEX114199,4,4
GEX114217,3,3
GEX114272,1,7
GEX114351,9,7
GEX114352,2,1
GEX114367,0,7
GEX114416,2,6
GEX114449,2,1
GEX114502,6,9
GEX114507,4,7
GEX114508,5,0
GEX114631,9,3
GEX114701,7,5
GEX114739,3,3
GEX114740,9,7
GEX114743,5,8
GEX114790,9,7
GEX114791,7,2
GEX114820,0,7
GEX114821,9,7
GEX114843,9,0
GEX114915,2,6
GEX114976,2,1
GEX115059,1,2
GEX115060,1,0
GEX115115,7,5
GEX115131,2,6
GEX115158,0,7
GEX115159,3,3
GEX115182,4,3
GEX115191,5,3
GEX115235,9,3
GEX115280,3,7
GEX115289,9,7
GEX115325,0,7
GEX115367,3,2
GEX115368,1,7
GEX115436,1,7
GEX115475,0,3
GEX115519,6,2
GEX115609,2,6
GEX115653,5,6
GEX115658,3,7
GEX115659,7,0
GEX115718,6,4
GEX115719,7,4
GEX115750,0,7
GEX115751,7,5
GEX115791,8,1
GEX115918,8,1
GEX115925,1,2
GEX115939,4,0
GEX115940,1,3
GEX115999,9,7
GEX116027,6,9
GEX116028,6,9
GEX116036,6,5
GEX116037,1,0
GEX116039,4,4
GEX116056,5,0
GEX116062,9,3
GEX116084,0,7
GEX116119,9,3
GEX116173,8,1
GEX116274,3,3
GEX116275,4,3
GEX116338,1,0
GEX116374,9,3
GEX116385,3,7
GEX116386,1,5
GEX116395,3,3
GEX116423,3,3
GEX116486,7,9
GEX116487,7,9
GEX116490,2,2
GEX116527,9,3
GEX116570,6,0
GEX116624,6,9
GEX116625,7,5
GEX116668,0,3
GEX116689,8,1
GEX116700,9,2
GEX116701,7,5
GEX116719,8,1
GEX116726,3,3
GEX116765,7,5
GEX116766,1,5
GEX116935,3,3
GEX116936,5,3
GEX116953,5,6
GEX116986,8,1
GEX116993,2,1
GEX117058,2,6
GEX117081,0,7
GEX117218,4,7
GEX117219,9,4
GEX117220,0,4
GEX117239,1,9
GEX117284,8,1
GEX117292,9,3
GEX117356,3,3
GEX117357,9,7
GEX117414,8,8
GEX117426,3,3
GEX117427,1,9
GEX117429,5,9
GEX117464,7,9
GEX117511,5,4
GEX117512,4,4
GEX117537,0,7
GEX117554,8,1
GEX117570,9,7
GEX117571,4,7
GEX117612,9,3
GEX117613,6,2
GEX117617,2,1
GEX117635,3,7
GEX117647,0,3
GEX117788,1,0
GEX117811,5,0
GEX117870,7,5
GEX117921,0,4
GEX117922,1,0
GEX117923,9,2
GEX117956,6,2
GEX117957,9,3
GEX118099,7,2
GEX118139,9,7
GEX118140,7,5
GEX118157,4,0
GEX118205,8,1
GEX118246,1,5
GEX118270,9,3
GEX118271,7,9
GEX118288,1,0
GEX118311,8,4
GEX118312,8,9
GEX118340,6,9
GEX118380,4,5
GEX118398,2,8
GEX118416,5,1
GEX118434,0,3
GEX118435,7,5
GEX118528,0,3
GEX118529,7,5
GEX118554,2,8
GEX118604,4,3
GEX118744,4,7
GEX118745,3,3
GEX118758,3,3
GEX118759,0,7
GEX118834,9,7
GEX118863,2,5
GEX118891,0,7
GEX118892,7,5
GEX118918,7,5
GEX118919,0,7
GEX118927,7,9
GEX118990,2,4
GEX118993,6,9
GEX118994,0,3
GEX119032,0,9
GEX119033,1,0
GEX119057,1,9
GEX119058,7,5
GEX119068,5,1
GEX119088,8,1
GEX119090,8,1
GEX119091,3,7
GEX119092,9,2
GEX119097,8,6
GEX119123,1,5
GEX119129,0,7
GEX119225,8,1
GEX119268,6,9
GEX119288,5,1
GEX119294,3,3
GEX119295,5,3
GEX119315,4,7
GEX119424,1,7
GEX119455,2,6
GEX119477,3,3
GEX119485,6,3
GEX119547,3,3
GEX119562,3,3
GEX119563,1,2
GEX119564,1,0
GEX119567,4,7
GEX119591,8,1
GEX119630,2,1
GEX119631,2,8
GEX119658,8,1
GEX119726,5,0
GEX119727,7,5
GEX119752,5,4
GEX119753,7,5
GEX119769,8,1
GEX119864,0,3
GEX119866,0,2
GEX119903,3,3
GEX119935,5,2
GEX120037,1,0
GEX120136,0,7
GEX120137,7,5
GEX120139,6,4
GEX120140,4,7
GEX120141,9,3
GEX120154,8,1
GEX120220,3,3
GEX120231,6,9
GEX120272,3,7
GEX120374,5,9
GEX120398,9,3
GEX120419,6,3
GEX120420,5,3
GEX120441,4,4
GEX120458,2,5
GEX120459,7,9
GEX120483,0,3
GEX120598,6,0
GEX120599,7,5
GEX120709,4,9
GEX120762,2,6
GEX120769,0,7
GEX120770,0,7
GEX120787,9,0
GEX120788,4,7
GEX120844,3,3
GEX120856,8,1
GEX120901,0,3
GEX120903,8,1
GEX121053,6,2
GEX121089,5,4
GEX121090,3,4
GEX121105,0,3
GEX121139,9,3
GEX121163,0,7
GEX121181,2,6
GEX121239,1,5
GEX121240,2,5
GEX121254,0,7
GEX121281,1,0
GEX121282,2,5
GEX121312,8,6
GEX121394,7,4
GEX121407,0,3
GEX121429,7,5
GEX121433,3,3
GEX121523,0,7
GEX121645,3,7
GEX121646,0,0
GEX121649,8,1
GEX121674,9,7
GEX121694,4,3
GEX121734,2,6
GEX121741,8,4
GEX121783,9,3
GEX121843,0,7
GEX121844,4,7
GEX121851,1,2
GEX121852,9,2
GEX121925,4,5
GEX121926,0,7
GEX121932,0,3
GEX121936,3,7
GEX121937,9,3
GEX121968,9,2
GEX121969,6,2
GEX122086,5,4
GEX122100,0,3
GEX122106,1,7
GEX122121,2,6
GEX122138,2,6
GEX122211,2,8
GEX122246,2,0
GEX122262,3,3
GEX122263,4,7
GEX122301,4,3
GEX122363,0,7
GEX122484,3,3
GEX122485,4,3
GEX122491,8,4
GEX122497,9,3
GEX122498,0,7
GEX122501,0,7
GEX122502,7,0
GEX122503,3,3
GEX122507,9,3
GEX122521,3,7
GEX122522,6,0
GEX122589,9,3
GEX122662,9,7
GEX122723,3,3
GEX122724,2,5
GEX122762,3,7
GEX122781,6,9
GEX122808,2,6
GEX122815,2,6
GEX122929,8,1
GEX122959,5,3
GEX122960,5,9
GEX122998,2,6
GEX123022,7,4
GEX123057,9,2
GEX123058,7,5
GEX123103,4,7
GEX123111,8,6
GEX123124,5,2
GEX123125,9,2
GEX123201,6,0
GEX123241,3,3
GEX123261,5,2
GEX123300,8,1
GEX123309,2,6
GEX123332,0,3
GEX123412,0,4
GEX123446,0,7
GEX123447,7,0
GEX123508,0,7
GEX123545,0,3
GEX123546,6,9
GEX123556,6,9
GEX123595,5,3
GEX123709,9,3
GEX123710,6,3
GEX123720,9,2
GEX123838,9,2
GEX123839,2,2
GEX123894,1,9
GEX123922,8,1
